,occupation_code,year,total_employment,annual_mean,annual_percentile_10,annual_percentile_25,annual_percentile_50,annual_percentile_75,annual_percentile_90,occupation_level,occupation_title
0,11-0000,2019,8054120.0,122480.0,49990.0,71460.0,105660.0,154260.0,216019.49,major,Management Occupations
1,11-0000,2020,7947300.0,126480.0,51670.0,74250.0,109760.0,159550.0,222354.95,major,Management Occupations
2,11-0000,2021,8909910.0,123370.0,47860.0,74710.0,102450.0,160960.0,219495.78,major,Management Occupations
3,11-0000,2022,9860740.0,131200.0,50290.0,75350.0,107360.0,163710.0,220550.0,major,Management Occupations
4,11-0000,2023,10495770.0,137750.0,54550.0,78330.0,116880.0,169090.0,231620.0,major,Management Occupations
5,11-0000,2024,10966830.0,141760.0,57010.0,79900.0,122090.0,171610.0,240183.97,major,Management Occupations
6,11-1000,2019,2658440.0,127070.0,43710.0,65910.0,103230.0,163970.0,240224.53,minor,Top Executives
7,11-1000,2020,2601070.0,129920.0,44530.0,67740.0,106180.0,167930.0,244781.05,minor,Top Executives
8,11-1000,2021,3229990.0,120520.0,41260.0,60900.0,98720.0,160540.0,224699.75,minor,Top Executives
9,11-1000,2022,3618820.0,129050.0,43440.0,62520.0,99890.0,160070.0,233415.84,minor,Top Executives
10,11-1000,2023,3751510.0,136100.0,46400.0,66170.0,103460.0,165500.0,249225.6,minor,Top Executives
11,11-1000,2024,3822780.0,139860.0,47510.0,68800.0,104990.0,168490.0,257624.53,minor,Top Executives
12,11-2000,2019,770540.0,143330.0,63940.0,89380.0,128870.0,179010.0,241152.89,minor,"Advertising, Marketing, Promotions, Public Relations, and Sales Managers"
13,11-2000,2020,763970.0,148740.0,67480.0,93540.0,134120.0,185660.0,249305.03,minor,"Advertising, Marketing, Promotions, Public Relations, and Sales Managers"
14,11-2000,2021,838050.0,145130.0,63270.0,95140.0,128160.0,177360.0,242310.68,minor,"Advertising, Marketing, Promotions, Public Relations, and Sales Managers"
15,11-2000,2022,977490.0,152320.0,64890.0,95100.0,132820.0,184080.0,247932.73,minor,"Advertising, Marketing, Promotions, Public Relations, and Sales Managers"
16,11-2000,2023,1070030.0,159960.0,69170.0,99180.0,139850.0,199990.0,265014.85,minor,"Advertising, Marketing, Promotions, Public Relations, and Sales Managers"
17,11-2000,2024,1122770.0,163740.0,73320.0,100740.0,144530.0,204920.0,271525.52,minor,"Advertising, Marketing, Promotions, Public Relations, and Sales Managers"
18,11-3000,2019,1996160.0,134550.0,66540.0,88050.0,120960.0,163050.0,220028.33,minor,Operations Specialties Managers
19,11-3000,2020,2012370.0,138590.0,68640.0,91070.0,125040.0,168480.0,226574.37,minor,Operations Specialties Managers
20,11-3000,2021,2116020.0,139900.0,73230.0,95660.0,127140.0,165860.0,220606.03,minor,Operations Specialties Managers
21,11-3000,2022,2322010.0,148190.0,73290.0,97570.0,130950.0,172780.0,231300.0,minor,Operations Specialties Managers
22,11-3000,2023,2513900.0,155150.0,76320.0,100690.0,136170.0,183500.0,246098.22,minor,Operations Specialties Managers
23,11-3000,2024,2669000.0,160590.0,78600.0,103030.0,140330.0,195490.0,260195.98,minor,Operations Specialties Managers
24,11-9000,2019,2628970.0,102560.0,44560.0,62760.0,91300.0,128310.0,170820.0,minor,Other Management Occupations
25,11-9000,2020,2569880.0,106910.0,46370.0,65510.0,95180.0,133870.0,179730.0,minor,Other Management Occupations
26,11-9000,2021,2725860.0,107230.0,47040.0,62520.0,97630.0,129820.0,172490.0,minor,Other Management Occupations
27,11-9000,2022,2942420.0,113420.0,48840.0,67250.0,99740.0,135450.0,184790.0,minor,Other Management Occupations
28,11-9000,2023,3160340.0,118370.0,51690.0,73390.0,102510.0,144930.0,200390.0,minor,Other Management Occupations
29,11-9000,2024,3352280.0,121560.0,54440.0,75640.0,104030.0,154090.0,205860.0,minor,Other Management Occupations
30,13-0000,2019,8183750.0,78130.0,39020.0,52130.0,69820.0,94870.0,126040.0,major,Business and Financial Operations Occupations
31,13-0000,2020,8387490.0,80680.0,40310.0,53550.0,72250.0,98390.0,130380.0,major,Business and Financial Operations Occupations
32,13-0000,2021,9053790.0,82610.0,39060.0,53410.0,76570.0,100220.0,130620.0,major,Business and Financial Operations Occupations
33,13-0000,2022,9677720.0,86080.0,42750.0,56840.0,76850.0,102210.0,134480.0,major,Business and Financial Operations Occupations
34,13-0000,2023,10087830.0,90580.0,45480.0,59590.0,79050.0,105360.0,140490.0,major,Business and Financial Operations Occupations
35,13-0000,2024,10351440.0,93680.0,47310.0,61430.0,80920.0,109370.0,150040.0,major,Business and Financial Operations Occupations
36,13-1000,2019,5427140.0,75530.0,38090.0,51090.0,68730.0,93030.0,121830.0,minor,Business Operations Specialists
37,13-1000,2020,5632020.0,78320.0,39510.0,52800.0,71450.0,97100.0,126620.0,minor,Business Operations Specialists
38,13-1000,2021,6152960.0,80380.0,38740.0,50490.0,76040.0,99450.0,129020.0,minor,Business Operations Specialists
39,13-1000,2022,6660810.0,83280.0,41710.0,55360.0,76050.0,101460.0,132280.0,minor,Business Operations Specialists
40,13-1000,2023,7048350.0,88040.0,44810.0,58660.0,78500.0,104690.0,136820.0,minor,Business Operations Specialists
41,13-1000,2024,7318320.0,91020.0,46690.0,60690.0,80410.0,108270.0,143140.0,minor,Business Operations Specialists
42,13-2000,2019,2756610.0,83260.0,40990.0,53990.0,71950.0,98360.0,135740.0,minor,Financial Specialists
43,13-2000,2020,2755470.0,85510.0,41890.0,55150.0,73840.0,101270.0,140390.0,minor,Financial Specialists
44,13-2000,2021,2900840.0,87350.0,43720.0,59150.0,77300.0,101430.0,140710.0,minor,Financial Specialists
45,13-2000,2022,3016910.0,92290.0,44990.0,59180.0,78180.0,103830.0,150290.0,minor,Financial Specialists
46,13-2000,2023,3039480.0,96460.0,47000.0,61240.0,80090.0,107520.0,158360.0,minor,Financial Specialists
47,13-2000,2024,3033120.0,100090.0,48960.0,63030.0,82140.0,114220.0,162290.0,minor,Financial Specialists
48,15-0000,2019,4552880.0,93760.0,45320.0,62850.0,88340.0,119550.0,152010.0,major,Computer and Mathematical Occupations
49,15-0000,2020,4587700.0,96770.0,46400.0,64730.0,91350.0,123640.0,157120.0,major,Computer and Mathematical Occupations
50,15-0000,2021,4654750.0,99860.0,47430.0,62590.0,97540.0,128030.0,163640.0,major,Computer and Mathematical Occupations
51,15-0000,2022,5003910.0,108130.0,49330.0,67730.0,100440.0,134210.0,171250.0,major,Computer and Mathematical Occupations
52,15-0000,2023,5177400.0,113140.0,51850.0,73900.0,104200.0,141040.0,176760.0,major,Computer and Mathematical Occupations
53,15-0000,2024,5192890.0,116810.0,54100.0,76350.0,105850.0,146650.0,180110.0,major,Computer and Mathematical Occupations
54,15-1200,2019,4358410.0,93620.0,45070.0,62650.0,88240.0,119520.0,151980.0,minor,Computer Occupations
55,15-1200,2020,4368000.0,96630.0,46180.0,64540.0,91250.0,123600.0,157030.0,minor,Computer Occupations
56,15-1200,2021,4389910.0,99620.0,47360.0,62460.0,97430.0,128020.0,163550.0,minor,Computer Occupations
57,15-1200,2022,4677500.0,108100.0,49060.0,67430.0,100530.0,134360.0,171320.0,minor,Computer Occupations
58,15-1200,2023,4804840.0,113270.0,51400.0,73750.0,104420.0,141530.0,176980.0,minor,Computer Occupations
59,15-1200,2024,4786660.0,116770.0,53340.0,76180.0,105990.0,147220.0,180110.0,minor,Computer Occupations
60,15-2000,2019,194460.0,96900.0,51500.0,67030.0,90410.0,119960.0,152820.0,minor,Mathematical Science Occupations
61,15-2000,2020,219700.0,99700.0,51390.0,68250.0,93170.0,124420.0,158450.0,minor,Mathematical Science Occupations
62,15-2000,2021,264840.0,103800.0,49490.0,71720.0,98680.0,128270.0,165500.0,minor,Mathematical Science Occupations
63,15-2000,2022,326400.0,108620.0,54580.0,72930.0,99590.0,131860.0,170290.0,minor,Mathematical Science Occupations
64,15-2000,2023,372550.0,111340.0,58130.0,75610.0,101460.0,135950.0,174160.0,minor,Mathematical Science Occupations
65,15-2000,2024,406230.0,117190.0,60000.0,78300.0,104620.0,140930.0,180180.0,minor,Mathematical Science Occupations
66,17-0000,2019,2592680.0,88800.0,45280.0,60910.0,81440.0,109970.0,142610.0,major,Architecture and Engineering Occupations
67,17-0000,2020,2515040.0,90300.0,46190.0,62120.0,83160.0,111960.0,144090.0,major,Architecture and Engineering Occupations
68,17-0000,2021,2436520.0,91740.0,47490.0,61470.0,79840.0,112550.0,148460.0,major,Architecture and Engineering Occupations
69,17-0000,2022,2481170.0,94670.0,48630.0,63920.0,83700.0,116960.0,150450.0,major,Architecture and Engineering Occupations
70,17-0000,2023,2539660.0,99090.0,51130.0,67640.0,91420.0,124130.0,159630.0,major,Architecture and Engineering Occupations
71,17-0000,2024,2567210.0,103980.0,55550.0,74040.0,97310.0,128080.0,164360.0,major,Architecture and Engineering Occupations
72,17-1000,2019,182650.0,81250.0,42720.0,56460.0,74520.0,97990.0,126230.0,minor,"Architects, Surveyors, and Cartographers"
73,17-1000,2020,180930.0,82030.0,43890.0,57600.0,76190.0,100070.0,127690.0,minor,"Architects, Surveyors, and Cartographers"
74,17-1000,2021,176840.0,82880.0,46950.0,60220.0,77670.0,99630.0,127040.0,minor,"Architects, Surveyors, and Cartographers"
75,17-1000,2022,186640.0,86670.0,46590.0,60410.0,79000.0,100760.0,129260.0,minor,"Architects, Surveyors, and Cartographers"
76,17-1000,2023,194610.0,90430.0,48740.0,62880.0,80850.0,103100.0,132940.0,minor,"Architects, Surveyors, and Cartographers"
77,17-1000,2024,196590.0,93330.0,50410.0,64320.0,82990.0,107020.0,139070.0,minor,"Architects, Surveyors, and Cartographers"
78,17-2000,2019,1730720.0,100770.0,58210.0,72940.0,94500.0,122420.0,154870.0,minor,Engineers
79,17-2000,2020,1673440.0,102500.0,59360.0,74440.0,96310.0,124810.0,157590.0,minor,Engineers
80,17-2000,2021,1631080.0,104000.0,61000.0,77470.0,99040.0,127110.0,162240.0,minor,Engineers
81,17-2000,2022,1659230.0,107170.0,62880.0,78450.0,100030.0,129320.0,163370.0,minor,Engineers
82,17-2000,2023,1703700.0,111890.0,65610.0,80600.0,102660.0,132750.0,168150.0,minor,Engineers
83,17-2000,2024,1746750.0,116760.0,70240.0,83570.0,106070.0,137090.0,173010.0,minor,Engineers
84,17-3000,2019,679310.0,60320.0,34890.0,44190.0,57690.0,73380.0,91020.0,minor,"Drafters, Engineering Technicians, and Mapping Technicians"
85,17-3000,2020,660660.0,61660.0,35540.0,45090.0,58900.0,75110.0,93230.0,minor,"Drafters, Engineering Technicians, and Mapping Technicians"
86,17-3000,2021,628600.0,62420.0,37100.0,47090.0,60290.0,76600.0,95860.0,minor,"Drafters, Engineering Technicians, and Mapping Technicians"
87,17-3000,2022,635300.0,64370.0,38050.0,47760.0,61090.0,77720.0,96600.0,minor,"Drafters, Engineering Technicians, and Mapping Technicians"
88,17-3000,2023,641350.0,67700.0,40230.0,49830.0,63100.0,79970.0,99850.0,minor,"Drafters, Engineering Technicians, and Mapping Technicians"
89,17-3000,2024,623870.0,71540.0,44480.0,53010.0,66390.0,83360.0,103510.0,minor,"Drafters, Engineering Technicians, and Mapping Technicians"
90,19-0000,2019,1288920.0,77540.0,36640.0,49360.0,68160.0,96180.0,128100.0,major,"Life, Physical, and Social Science Occupations"
91,19-0000,2020,1296060.0,79360.0,36930.0,50020.0,69760.0,99010.0,132370.0,major,"Life, Physical, and Social Science Occupations"
92,19-0000,2021,1273640.0,80730.0,37830.0,49460.0,72740.0,100230.0,131230.0,major,"Life, Physical, and Social Science Occupations"
93,19-0000,2022,1314360.0,83640.0,39490.0,51460.0,74330.0,102850.0,135240.0,major,"Life, Physical, and Social Science Occupations"
94,19-0000,2023,1389430.0,87870.0,43680.0,57040.0,78280.0,106250.0,140280.0,major,"Life, Physical, and Social Science Occupations"
95,19-0000,2024,1446770.0,89690.0,45480.0,59050.0,78980.0,107440.0,145910.0,major,"Life, Physical, and Social Science Occupations"
96,19-1000,2019,311910.0,88770.0,44720.0,57450.0,78080.0,108550.0,145360.0,minor,Life Scientists
97,19-1000,2020,311840.0,91710.0,46310.0,59450.0,81130.0,112460.0,149980.0,minor,Life Scientists
98,19-1000,2021,304980.0,93190.0,48510.0,62130.0,80140.0,115970.0,155990.0,minor,Life Scientists
99,19-1000,2022,318780.0,96840.0,49760.0,62970.0,83060.0,120750.0,158410.0,minor,Life Scientists
100,19-1000,2023,352000.0,100630.0,52500.0,66080.0,88620.0,125990.0,160510.0,minor,Life Scientists
101,19-1000,2024,374670.0,101980.0,54430.0,67110.0,90500.0,127520.0,163500.0,minor,Life Scientists
102,19-2000,2019,255790.0,91110.0,45540.0,59070.0,81270.0,113440.0,149720.0,minor,Physical Scientists
103,19-2000,2020,255860.0,93560.0,46070.0,60260.0,83250.0,116770.0,156090.0,minor,Physical Scientists
104,19-2000,2021,244340.0,96340.0,48410.0,62220.0,82090.0,121560.0,163770.0,minor,Physical Scientists
105,19-2000,2022,251060.0,97570.0,49430.0,62960.0,83760.0,123360.0,164320.0,minor,Physical Scientists
106,19-2000,2023,254410.0,101110.0,51870.0,65470.0,89350.0,126140.0,167650.0,minor,Physical Scientists
107,19-2000,2024,259000.0,104070.0,53870.0,66800.0,92750.0,129100.0,169070.0,minor,Physical Scientists
108,19-3000,2019,249120.0,88030.0,45770.0,60490.0,80220.0,105410.0,134010.0,minor,Social Scientists and Related Workers
109,19-3000,2020,247580.0,90150.0,46680.0,61590.0,82280.0,108950.0,138880.0,minor,Social Scientists and Related Workers
110,19-3000,2021,246680.0,90810.0,48010.0,62070.0,80890.0,105530.0,134760.0,minor,Social Scientists and Related Workers
111,19-3000,2022,256110.0,94560.0,48850.0,63850.0,84000.0,113240.0,141270.0,minor,Social Scientists and Related Workers
112,19-3000,2023,273230.0,99260.0,51200.0,67070.0,89440.0,122320.0,153240.0,minor,Social Scientists and Related Workers
113,19-3000,2024,279960.0,101290.0,53840.0,70310.0,92900.0,124860.0,157950.0,minor,Social Scientists and Related Workers
114,19-4000,2019,358740.0,52340.0,29850.0,36940.0,48230.0,62440.0,80420.0,minor,"Life, Physical, and Social Science Technicians"
115,19-4000,2020,363880.0,53010.0,30530.0,36930.0,48440.0,63280.0,81720.0,minor,"Life, Physical, and Social Science Technicians"
116,19-4000,2021,349540.0,53890.0,30870.0,37820.0,48370.0,62040.0,79720.0,minor,"Life, Physical, and Social Science Technicians"
117,19-4000,2022,355310.0,55900.0,33220.0,39220.0,49790.0,64120.0,82910.0,minor,"Life, Physical, and Social Science Technicians"
118,19-4000,2023,360210.0,59970.0,36670.0,43680.0,53700.0,70100.0,91300.0,minor,"Life, Physical, and Social Science Technicians"
119,19-4000,2024,373260.0,61200.0,36830.0,45070.0,55810.0,72510.0,94100.0,minor,"Life, Physical, and Social Science Technicians"
120,19-5000,2019,113360.0,72690.0,39800.0,52870.0,70480.0,89420.0,107120.0,minor,Occupational Health and Safety Specialists and Technicians
121,19-5000,2020,116910.0,74480.0,41170.0,54340.0,72530.0,92070.0,109980.0,minor,Occupational Health and Safety Specialists and Technicians
122,19-5000,2021,128090.0,75150.0,38620.0,50730.0,74870.0,95160.0,110060.0,minor,Occupational Health and Safety Specialists and Technicians
123,19-5000,2022,133100.0,78750.0,44410.0,56060.0,75240.0,96130.0,117660.0,minor,Occupational Health and Safety Specialists and Technicians
124,19-5000,2023,149570.0,81690.0,47140.0,58080.0,77580.0,99460.0,124590.0,minor,Occupational Health and Safety Specialists and Technicians
125,19-5000,2024,159880.0,83770.0,47790.0,59620.0,78900.0,101490.0,127140.0,minor,Occupational Health and Safety Specialists and Technicians
126,21-0000,2019,2244310.0,50480.0,27550.0,34890.0,46090.0,61380.0,79850.0,major,Community and Social Service Occupations
127,21-0000,2020,2231070.0,52180.0,28940.0,36140.0,47520.0,63260.0,82450.0,major,Community and Social Service Occupations
128,21-0000,2021,2239680.0,53960.0,30440.0,37890.0,48410.0,62550.0,80320.0,major,Community and Social Service Occupations
129,21-0000,2022,2313620.0,55760.0,32360.0,38840.0,49380.0,64750.0,83600.0,major,Community and Social Service Occupations
130,21-0000,2023,2418130.0,58980.0,35570.0,42020.0,52000.0,69160.0,89220.0,major,Community and Social Service Occupations
131,21-0000,2024,2569630.0,63030.0,37710.0,45700.0,57530.0,75080.0,96710.0,major,Community and Social Service Occupations
132,21-1000,2019,2159870.0,50410.0,27690.0,34950.0,46060.0,61310.0,79670.0,minor,"Counselors, Social Workers, and Other Community and Social Service Specialists"
133,21-1000,2020,2150050.0,52120.0,29050.0,36190.0,47500.0,63210.0,82290.0,minor,"Counselors, Social Workers, and Other Community and Social Service Specialists"
134,21-1000,2021,2157410.0,53950.0,30460.0,37940.0,48400.0,62520.0,80290.0,minor,"Counselors, Social Workers, and Other Community and Social Service Specialists"
135,21-1000,2022,2225730.0,55660.0,32640.0,38870.0,49330.0,64710.0,83390.0,minor,"Counselors, Social Workers, and Other Community and Social Service Specialists"
136,21-1000,2023,2326360.0,58910.0,35680.0,42120.0,51970.0,69100.0,88900.0,minor,"Counselors, Social Workers, and Other Community and Social Service Specialists"
137,21-1000,2024,2477920.0,62980.0,37830.0,45750.0,57480.0,75090.0,96620.0,minor,"Counselors, Social Workers, and Other Community and Social Service Specialists"
138,21-2000,2019,84440.0,52260.0,24330.0,32810.0,46880.0,63160.0,86150.0,minor,Religious Workers
139,21-2000,2020,81020.0,53790.0,26170.0,34470.0,48430.0,64670.0,88460.0,minor,Religious Workers
140,21-2000,2021,82280.0,54340.0,29120.0,37030.0,48560.0,62870.0,80540.0,minor,Religious Workers
141,21-2000,2022,87890.0,58480.0,30110.0,38110.0,50680.0,66100.0,95350.0,minor,Religious Workers
142,21-2000,2023,91770.0,60800.0,31740.0,39550.0,54180.0,71390.0,96250.0,minor,Religious Workers
143,21-2000,2024,91710.0,64360.0,35140.0,43400.0,58570.0,74750.0,98600.0,minor,Religious Workers
144,23-0000,2019,1150780.0,109630.0,38130.0,53710.0,81820.0,143780.0,217711.72,major,Legal Occupations
145,23-0000,2020,1154740.0,112320.0,39070.0,54880.0,84910.0,148340.0,221539.24,major,Legal Occupations
146,23-0000,2021,1178140.0,113100.0,38620.0,58400.0,82430.0,156900.0,220113.75,major,Legal Occupations
147,23-0000,2022,1216600.0,124540.0,45340.0,60320.0,95170.0,163340.0,234970.0,major,Legal Occupations
148,23-0000,2023,1240630.0,133820.0,47030.0,62190.0,99220.0,169280.0,253489.84,major,Legal Occupations
149,23-0000,2024,1273410.0,137680.0,47110.0,62410.0,99990.0,170520.0,262285.18,major,Legal Occupations
150,23-1000,2019,722940.0,141180.0,56530.0,78170.0,119970.0,179600.0,253857.21,minor,"Lawyers, Judges, and Related Workers"
151,23-1000,2020,721750.0,144970.0,58460.0,81650.0,124360.0,183670.0,258196.6,minor,"Lawyers, Judges, and Related Workers"
152,23-1000,2021,744760.0,144470.0,60420.0,80700.0,127540.0,186810.0,250944.24,minor,"Lawyers, Judges, and Related Workers"
153,23-1000,2022,771200.0,159710.0,63230.0,87460.0,133510.0,203210.0,280980.62,minor,"Lawyers, Judges, and Related Workers"
154,23-1000,2023,792220.0,171480.0,64770.0,94920.0,140320.0,213140.0,300136.12,minor,"Lawyers, Judges, and Related Workers"
155,23-1000,2024,810640.0,177570.0,65610.0,97730.0,144040.0,212100.0,309256.82,minor,"Lawyers, Judges, and Related Workers"
156,23-2000,2019,427840.0,56320.0,31830.0,39470.0,51920.0,66500.0,87170.0,minor,Legal Support Workers
157,23-2000,2020,432990.0,57890.0,32610.0,40420.0,52960.0,68000.0,90080.0,minor,Legal Support Workers
158,23-2000,2021,433380.0,59190.0,36140.0,43860.0,54860.0,73080.0,93560.0,minor,Legal Support Workers
159,23-2000,2022,445400.0,63640.0,37390.0,46330.0,58810.0,75940.0,97610.0,minor,Legal Support Workers
160,23-2000,2023,448410.0,67290.0,39050.0,47880.0,60690.0,78060.0,101470.0,minor,Legal Support Workers
161,23-2000,2024,462770.0,67810.0,39280.0,47950.0,60930.0,78680.0,100950.0,minor,Legal Support Workers
162,25-0000,2019,8886600.0,57710.0,23570.0,33010.0,50790.0,72370.0,99270.0,major,Educational Instruction and Library Occupations
163,25-0000,2020,8446910.0,59810.0,24770.0,34250.0,52380.0,74430.0,102570.0,major,Educational Instruction and Library Occupations
164,25-0000,2021,8191930.0,62140.0,28320.0,37110.0,57220.0,77150.0,100310.0,major,Educational Instruction and Library Occupations
165,25-0000,2022,8496780.0,63240.0,28910.0,37910.0,57490.0,77590.0,102330.0,major,Educational Instruction and Library Occupations
166,25-0000,2023,8744560.0,66400.0,30670.0,40050.0,59940.0,79960.0,106130.0,major,Educational Instruction and Library Occupations
167,25-0000,2024,8947710.0,65900.0,30790.0,39870.0,59220.0,78250.0,104360.0,major,Educational Instruction and Library Occupations
168,25-1000,2019,1407110.0,90830.0,37750.0,53340.0,75440.0,112140.0,163480.0,minor,Postsecondary Teachers
169,25-1000,2020,1369930.0,93330.0,37680.0,54340.0,76990.0,115700.0,169280.0,minor,Postsecondary Teachers
170,25-1000,2021,1340560.0,95200.0,39410.0,60360.0,78300.0,122470.0,165810.0,minor,Postsecondary Teachers
171,25-1000,2022,1380290.0,96130.0,46100.0,59980.0,79080.0,110050.0,169760.0,minor,Postsecondary Teachers
172,25-1000,2023,1394110.0,101750.0,48210.0,62350.0,82270.0,124960.0,177180.0,minor,Postsecondary Teachers
173,25-1000,2024,1396300.0,102410.0,47010.0,61300.0,81600.0,125900.0,180630.0,minor,Postsecondary Teachers
174,25-2000,2019,4211470.0,61420.0,33590.0,44680.0,58050.0,75780.0,96330.0,minor,"Preschool, Elementary, Middle, Secondary, and Special Education Teachers"
175,25-2000,2020,3998620.0,63100.0,35030.0,45970.0,59410.0,77440.0,98870.0,minor,"Preschool, Elementary, Middle, Secondary, and Special Education Teachers"
176,25-2000,2021,4021070.0,64870.0,37100.0,47910.0,61030.0,77600.0,99300.0,minor,"Preschool, Elementary, Middle, Secondary, and Special Education Teachers"
177,25-2000,2022,4177640.0,65580.0,37660.0,48230.0,61180.0,78390.0,100660.0,minor,"Preschool, Elementary, Middle, Secondary, and Special Education Teachers"
178,25-2000,2023,4261430.0,68890.0,39630.0,50110.0,63280.0,81010.0,103800.0,minor,"Preschool, Elementary, Middle, Secondary, and Special Education Teachers"
179,25-2000,2024,4321590.0,68130.0,39620.0,49540.0,61960.0,79020.0,101290.0,minor,"Preschool, Elementary, Middle, Secondary, and Special Education Teachers"
180,25-3000,2019,1212090.0,40730.0,19880.0,24760.0,33140.0,48960.0,70750.0,minor,Other Teachers and Instructors
181,25-3000,2020,1086850.0,43520.0,20170.0,25750.0,33970.0,50630.0,76710.0,minor,Other Teachers and Instructors
182,25-3000,2021,941530.0,46490.0,23080.0,29210.0,37310.0,50540.0,77280.0,minor,Other Teachers and Instructors
183,25-3000,2022,977300.0,48700.0,23960.0,29980.0,38510.0,57930.0,79320.0,minor,Other Teachers and Instructors
184,25-3000,2023,1034120.0,50650.0,27040.0,32390.0,41700.0,59780.0,81340.0,minor,Other Teachers and Instructors
185,25-3000,2024,1125750.0,51270.0,28070.0,34010.0,44220.0,59860.0,81070.0,minor,Other Teachers and Instructors
186,25-4000,2019,257060.0,52330.0,25220.0,34490.0,49030.0,65330.0,83760.0,minor,"Librarians, Curators, and Archivists"
187,25-4000,2020,254360.0,54400.0,26570.0,36160.0,50860.0,68070.0,86830.0,minor,"Librarians, Curators, and Archivists"
188,25-4000,2021,228900.0,55520.0,29160.0,37360.0,49060.0,64100.0,83220.0,minor,"Librarians, Curators, and Archivists"
189,25-4000,2022,236090.0,56750.0,29440.0,37720.0,51220.0,68170.0,89420.0,minor,"Librarians, Curators, and Archivists"
190,25-4000,2023,242750.0,59680.0,31130.0,39730.0,55460.0,74000.0,93970.0,minor,"Librarians, Curators, and Archivists"
191,25-4000,2024,238010.0,60220.0,31600.0,40410.0,57100.0,74800.0,96030.0,minor,"Librarians, Curators, and Archivists"
192,25-9000,2019,1798860.0,35330.0,19190.0,23600.0,29910.0,40320.0,58800.0,minor,Other Educational Instruction and Library Occupations
193,25-9000,2020,1737130.0,36790.0,19880.0,24820.0,30970.0,42220.0,61520.0,minor,Other Educational Instruction and Library Occupations
194,25-9000,2021,1659870.0,38620.0,22360.0,27570.0,30460.0,46460.0,61940.0,minor,Other Educational Instruction and Library Occupations
195,25-9000,2022,1725460.0,40410.0,23040.0,28560.0,35520.0,46550.0,63490.0,minor,Other Educational Instruction and Library Occupations
196,25-9000,2023,1812160.0,43220.0,24960.0,30320.0,37330.0,48550.0,67370.0,minor,Other Educational Instruction and Library Occupations
197,25-9000,2024,1866060.0,42980.0,24960.0,30140.0,36690.0,47800.0,69330.0,minor,Other Educational Instruction and Library Occupations
198,27-0000,2019,2017810.0,61960.0,23890.0,33310.0,51150.0,75980.0,108840.0,major,"Arts, Design, Entertainment, Sports, and Media Occupations"
199,27-0000,2020,1857500.0,64400.0,25490.0,34980.0,53150.0,78900.0,113630.0,major,"Arts, Design, Entertainment, Sports, and Media Occupations"
200,27-0000,2021,1815290.0,66100.0,29010.0,37270.0,51190.0,79200.0,122420.0,major,"Arts, Design, Entertainment, Sports, and Media Occupations"
201,27-0000,2022,2063380.0,76500.0,30410.0,38690.0,58030.0,85880.0,129670.0,major,"Arts, Design, Entertainment, Sports, and Media Occupations"
202,27-0000,2023,2106490.0,75520.0,31200.0,39220.0,58920.0,84790.0,127880.0,major,"Arts, Design, Entertainment, Sports, and Media Occupations"
203,27-0000,2024,2098690.0,77040.0,32540.0,41290.0,60140.0,88370.0,129110.0,major,"Arts, Design, Entertainment, Sports, and Media Occupations"
204,27-1000,2019,633420.0,57290.0,24600.0,31980.0,48130.0,71460.0,100350.0,minor,Art and Design Workers
205,27-1000,2020,594670.0,59150.0,26010.0,33040.0,49600.0,73710.0,103470.0,minor,Art and Design Workers
206,27-1000,2021,609150.0,58910.0,28680.0,34930.0,48220.0,75770.0,102160.0,minor,Art and Design Workers
207,27-1000,2022,678620.0,65180.0,30080.0,36340.0,51150.0,79100.0,115180.0,minor,Art and Design Workers
208,27-1000,2023,675630.0,65190.0,30840.0,37050.0,51660.0,78450.0,114080.0,minor,Art and Design Workers
209,27-1000,2024,681550.0,67730.0,32030.0,37950.0,53180.0,79040.0,117530.0,minor,Art and Design Workers
210,27-2000,2019,536540.0,62600.0,20090.0,27140.0,45250.0,73860.0,123410.0,minor,"Entertainers and Performers, Sports and Related Workers"
211,27-2000,2020,465780.0,65700.0,20570.0,28920.0,47080.0,77490.0,129820.0,minor,"Entertainers and Performers, Sports and Related Workers"
212,27-2000,2021,438600.0,71870.0,23820.0,32930.0,49470.0,80600.0,155940.0,minor,"Entertainers and Performers, Sports and Related Workers"
213,27-2000,2022,526600.0,85030.0,28020.0,35360.0,52940.0,91600.0,154760.0,minor,"Entertainers and Performers, Sports and Related Workers"
214,27-2000,2023,569670.0,85310.0,28860.0,36290.0,53360.0,90340.0,151770.0,minor,"Entertainers and Performers, Sports and Related Workers"
215,27-2000,2024,550830.0,85710.0,29390.0,37510.0,54870.0,91210.0,156550.0,minor,"Entertainers and Performers, Sports and Related Workers"
216,27-3000,2019,609210.0,67830.0,30080.0,41980.0,59230.0,81930.0,113190.0,minor,Media and Communication Workers
217,27-3000,2020,591650.0,70180.0,31580.0,43390.0,61310.0,84890.0,117780.0,minor,Media and Communication Workers
218,27-3000,2021,573200.0,71760.0,31630.0,46860.0,62340.0,81950.0,124690.0,minor,Media and Communication Workers
219,27-3000,2022,630340.0,84890.0,36050.0,47850.0,66240.0,94860.0,132370.0,minor,Media and Communication Workers
220,27-3000,2023,625940.0,81400.0,36720.0,48690.0,66320.0,94200.0,129960.0,minor,Media and Communication Workers
221,27-3000,2024,634400.0,83030.0,37830.0,50090.0,70300.0,98130.0,130600.0,minor,Media and Communication Workers
222,27-4000,2019,238630.0,57950.0,24160.0,32490.0,48270.0,71190.0,100180.0,minor,Media and Communication Equipment Workers
223,27-4000,2020,205400.0,59990.0,26100.0,34790.0,50870.0,74330.0,103840.0,minor,Media and Communication Equipment Workers
224,27-4000,2021,194350.0,58970.0,29120.0,36950.0,48920.0,75180.0,99270.0,minor,Media and Communication Equipment Workers
225,27-4000,2022,227810.0,67310.0,29950.0,38140.0,52840.0,79860.0,113900.0,minor,Media and Communication Equipment Workers
226,27-4000,2023,235240.0,65880.0,31050.0,38870.0,53850.0,79930.0,112280.0,minor,Media and Communication Equipment Workers
227,27-4000,2024,231910.0,67410.0,33160.0,40500.0,56480.0,81380.0,117490.0,minor,Media and Communication Equipment Workers
228,29-0000,2019,8673140.0,83640.0,34630.0,48990.0,68190.0,97400.0,144370.0,major,Healthcare Practitioners and Technical Occupations
229,29-0000,2020,8579180.0,85900.0,35580.0,50250.0,69870.0,99740.0,148720.0,major,Healthcare Practitioners and Technical Occupations
230,29-0000,2021,8787730.0,91100.0,36930.0,48700.0,75040.0,99840.0,154810.0,major,Healthcare Practitioners and Technical Occupations
231,29-0000,2022,9043070.0,96770.0,38340.0,55370.0,77760.0,105190.0,161380.0,major,Healthcare Practitioners and Technical Occupations
232,29-0000,2023,9284210.0,102060.0,41350.0,59700.0,80820.0,111240.0,167320.0,major,Healthcare Practitioners and Technical Occupations
233,29-0000,2024,9592690.0,105220.0,43940.0,61680.0,83090.0,118400.0,169250.0,major,Healthcare Practitioners and Technical Occupations
234,29-1000,2019,5685500.0,102470.0,53040.0,63960.0,82380.0,116320.0,175760.0,minor,Healthcare Diagnosing or Treating Practitioners
235,29-1000,2020,5611620.0,105220.0,54190.0,65430.0,84430.0,119300.0,184710.0,minor,Healthcare Diagnosing or Treating Practitioners
236,29-1000,2021,5772460.0,112160.0,59640.0,63870.0,81270.0,125510.0,195140.0,minor,Healthcare Diagnosing or Treating Practitioners
237,29-1000,2022,5965270.0,118990.0,61550.0,74610.0,93710.0,128960.0,203220.0,minor,Healthcare Diagnosing or Treating Practitioners
238,29-1000,2023,6151910.0,124800.0,64010.0,78180.0,98760.0,132450.0,209650.0,minor,Healthcare Diagnosing or Treating Practitioners
239,29-1000,2024,6338160.0,128550.0,66160.0,80170.0,101370.0,134700.0,212870.0,minor,Healthcare Diagnosing or Treating Practitioners
240,29-2000,2019,2902300.0,47540.0,27270.0,34100.0,44380.0,57870.0,73760.0,minor,Health Technologists and Technicians
241,29-2000,2020,2861180.0,48990.0,28230.0,35080.0,45620.0,59510.0,76060.0,minor,Health Technologists and Technicians
242,29-2000,2021,2887210.0,50300.0,29270.0,36770.0,46910.0,60110.0,76920.0,minor,Health Technologists and Technicians
243,29-2000,2022,2949600.0,53230.0,31520.0,37770.0,48560.0,62750.0,79880.0,minor,Health Technologists and Technicians
244,29-2000,2023,3010670.0,56950.0,35380.0,39940.0,51250.0,66510.0,83520.0,minor,Health Technologists and Technicians
245,29-2000,2024,3124620.0,59310.0,36380.0,42650.0,54270.0,71510.0,87540.0,minor,Health Technologists and Technicians
246,29-9000,2019,85340.0,56620.0,28460.0,37020.0,49770.0,69490.0,97100.0,minor,Other Healthcare Practitioners and Technical Occupations
247,29-9000,2020,106380.0,59280.0,29910.0,38200.0,51560.0,72460.0,100600.0,minor,Other Healthcare Practitioners and Technical Occupations
248,29-9000,2021,128060.0,61470.0,30280.0,37990.0,54480.0,76020.0,98930.0,minor,Other Healthcare Practitioners and Technical Occupations
249,29-9000,2022,128200.0,64580.0,35030.0,43810.0,57740.0,78020.0,103100.0,minor,Other Healthcare Practitioners and Technical Occupations
250,29-9000,2023,121640.0,68300.0,37840.0,47150.0,61020.0,81400.0,106790.0,minor,Other Healthcare Practitioners and Technical Occupations
251,29-9000,2024,129910.0,70950.0,39200.0,48950.0,62820.0,84430.0,110140.0,minor,Other Healthcare Practitioners and Technical Occupations
252,31-0000,2019,6521790.0,31010.0,20800.0,24070.0,28470.0,35480.0,45100.0,major,Healthcare Support Occupations
253,31-0000,2020,6440880.0,32250.0,21450.0,25490.0,29960.0,36900.0,46380.0,major,Healthcare Support Occupations
254,31-0000,2021,6603680.0,33330.0,22890.0,28540.0,29880.0,37240.0,46960.0,major,Healthcare Support Occupations
255,31-0000,2022,6792310.0,35560.0,24060.0,29130.0,33600.0,38730.0,47670.0,major,Healthcare Support Occupations
256,31-0000,2023,7063530.0,38220.0,26800.0,31760.0,36140.0,43140.0,49840.0,major,Healthcare Support Occupations
257,31-0000,2024,7448010.0,39650.0,27980.0,33380.0,37180.0,44850.0,51980.0,major,Healthcare Support Occupations
258,31-1100,2019,4683430.0,27860.0,20130.0,23280.0,26380.0,31160.0,37690.0,minor,"Home Health and Personal Care Aides; and Nursing Assistants, Orderlies, and Psychiatric Aides"
259,31-1100,2020,4677760.0,29320.0,20810.0,24430.0,28270.0,32580.0,39370.0,minor,"Home Health and Personal Care Aides; and Nursing Assistants, Orderlies, and Psychiatric Aides"
260,31-1100,2021,4765620.0,30440.0,22550.0,26480.0,29620.0,35730.0,37720.0,minor,"Home Health and Personal Care Aides; and Nursing Assistants, Orderlies, and Psychiatric Aides"
261,31-1100,2022,4889700.0,32440.0,23210.0,28280.0,31450.0,36110.0,40850.0,minor,"Home Health and Personal Care Aides; and Nursing Assistants, Orderlies, and Psychiatric Aides"
262,31-1100,2023,5122130.0,35120.0,25130.0,30270.0,34570.0,38290.0,44980.0,minor,"Home Health and Personal Care Aides; and Nursing Assistants, Orderlies, and Psychiatric Aides"
263,31-1100,2024,5464490.0,36690.0,27050.0,31870.0,35940.0,39950.0,46360.0,minor,"Home Health and Personal Care Aides; and Nursing Assistants, Orderlies, and Psychiatric Aides"
264,31-2000,2019,198660.0,51080.0,23930.0,31410.0,52910.0,65840.0,78740.0,minor,Occupational Therapy and Physical Therapist Assistants and Aides
265,31-2000,2020,186900.0,52400.0,25200.0,32710.0,54250.0,66970.0,80480.0,minor,Occupational Therapy and Physical Therapist Assistants and Aides
266,31-2000,2021,181410.0,53900.0,27130.0,36150.0,57980.0,64700.0,79120.0,minor,Occupational Therapy and Physical Therapist Assistants and Aides
267,31-2000,2022,188060.0,57370.0,28550.0,37700.0,59560.0,71960.0,82150.0,minor,Occupational Therapy and Physical Therapist Assistants and Aides
268,31-2000,2023,196900.0,59180.0,30000.0,39160.0,60830.0,74030.0,83590.0,minor,Occupational Therapy and Physical Therapist Assistants and Aides
269,31-2000,2024,204940.0,60070.0,31410.0,41430.0,61730.0,75130.0,83090.0,minor,Occupational Therapy and Physical Therapist Assistants and Aides
270,31-9000,2019,1639700.0,37580.0,24930.0,29410.0,35860.0,43700.0,52940.0,minor,Other Healthcare Support Occupations
271,31-9000,2020,1576220.0,38540.0,26100.0,30290.0,36780.0,44900.0,53980.0,minor,Other Healthcare Support Occupations
272,31-9000,2021,1656660.0,39360.0,28780.0,30110.0,37370.0,46710.0,50260.0,minor,Other Healthcare Support Occupations
273,31-9000,2022,1714550.0,42070.0,29630.0,35030.0,38810.0,46830.0,57640.0,minor,Other Healthcare Support Occupations
274,31-9000,2023,1744490.0,44930.0,31730.0,36650.0,43330.0,48770.0,59840.0,minor,Other Healthcare Support Occupations
275,31-9000,2024,1778580.0,46380.0,34090.0,37500.0,45000.0,50110.0,60900.0,minor,Other Healthcare Support Occupations
276,33-0000,2019,3498800.0,49880.0,23210.0,29150.0,41580.0,63290.0,90850.0,major,Protective Service Occupations
277,33-0000,2020,3351180.0,52220.0,24710.0,30820.0,43710.0,66090.0,94020.0,major,Protective Service Occupations
278,33-0000,2021,3385030.0,53420.0,27370.0,31450.0,46590.0,64610.0,96900.0,major,Protective Service Occupations
279,33-0000,2022,3437610.0,54010.0,27830.0,33700.0,45450.0,66300.0,95220.0,major,Protective Service Occupations
280,33-0000,2023,3504330.0,57710.0,29890.0,36370.0,47760.0,71560.0,100170.0,major,Protective Service Occupations
281,33-0000,2024,3654910.0,61000.0,32040.0,37580.0,50580.0,76140.0,104000.0,major,Protective Service Occupations
282,33-1000,2019,319960.0,77600.0,37910.0,51030.0,71460.0,99620.0,127280.0,minor,Supervisors of Protective Service Workers
283,33-1000,2020,323580.0,79080.0,38340.0,51680.0,72360.0,101090.0,131210.0,minor,Supervisors of Protective Service Workers
284,33-1000,2021,342810.0,81010.0,40290.0,51790.0,77290.0,100750.0,129090.0,minor,Supervisors of Protective Service Workers
285,33-1000,2022,354660.0,81500.0,40770.0,53350.0,75750.0,102240.0,130440.0,minor,Supervisors of Protective Service Workers
286,33-1000,2023,359050.0,87710.0,44440.0,59010.0,81240.0,109060.0,137720.0,minor,Supervisors of Protective Service Workers
287,33-1000,2024,390970.0,93120.0,47990.0,62060.0,87050.0,117400.0,144610.0,minor,Supervisors of Protective Service Workers
288,33-2000,2019,340490.0,55040.0,25810.0,34920.0,51330.0,69650.0,92220.0,minor,Firefighting and Prevention Workers
289,33-2000,2020,328260.0,56800.0,27080.0,36300.0,53060.0,71630.0,94110.0,minor,Firefighting and Prevention Workers
290,33-2000,2021,334670.0,55910.0,29070.0,37320.0,50930.0,69650.0,82470.0,minor,Firefighting and Prevention Workers
291,33-2000,2022,338250.0,57200.0,29340.0,37720.0,52740.0,72080.0,87650.0,minor,Firefighting and Prevention Workers
292,33-2000,2023,331940.0,61340.0,31770.0,40840.0,57900.0,76320.0,96210.0,minor,Firefighting and Prevention Workers
293,33-2000,2024,349070.0,64820.0,34780.0,44650.0,59870.0,78120.0,103460.0,minor,Firefighting and Prevention Workers
294,33-3000,2019,1232740.0,62740.0,34110.0,42190.0,57030.0,78830.0,100720.0,minor,Law Enforcement Workers
295,33-3000,2020,1203450.0,65240.0,35170.0,43910.0,59340.0,81820.0,105220.0,minor,Law Enforcement Workers
296,33-3000,2021,1200060.0,66370.0,37330.0,47310.0,61190.0,79710.0,100800.0,minor,Law Enforcement Workers
297,33-3000,2022,1161080.0,67580.0,38000.0,46650.0,61680.0,81680.0,102590.0,minor,Law Enforcement Workers
298,33-3000,2023,1136430.0,72370.0,41340.0,50240.0,66030.0,87550.0,109530.0,minor,Law Enforcement Workers
299,33-3000,2024,1177270.0,75550.0,45170.0,53810.0,70530.0,92790.0,111590.0,minor,Law Enforcement Workers
300,33-9000,2019,1605610.0,33380.0,20530.0,24310.0,29770.0,38710.0,51010.0,minor,Other Protective Service Workers
301,33-9000,2020,1495880.0,34940.0,21460.0,25900.0,31230.0,40160.0,52700.0,minor,Other Protective Service Workers
302,33-9000,2021,1507480.0,36280.0,22920.0,28700.0,31550.0,39540.0,51230.0,minor,Other Protective Service Workers
303,33-9000,2022,1583620.0,37220.0,23820.0,28790.0,34650.0,40700.0,54120.0,minor,Other Protective Service Workers
304,33-9000,2023,1676920.0,40620.0,28050.0,31440.0,36920.0,45030.0,58090.0,minor,Other Protective Service Workers
305,33-9000,2024,1737600.0,43140.0,29310.0,34480.0,38230.0,47020.0,61720.0,minor,Other Protective Service Workers
306,35-0000,2019,13494590.0,26670.0,17940.0,19890.0,24220.0,29770.0,38660.0,major,Food Preparation and Serving Related Occupations
307,35-0000,2020,11262850.0,27650.0,18260.0,20380.0,25500.0,31020.0,39630.0,major,Food Preparation and Serving Related Occupations
308,35-0000,2021,11201480.0,29450.0,18480.0,22500.0,28400.0,31300.0,39320.0,major,Food Preparation and Serving Related Occupations
309,35-0000,2022,12514620.0,32130.0,21110.0,24440.0,29640.0,35630.0,45150.0,major,Food Preparation and Serving Related Occupations
310,35-0000,2023,13247870.0,34490.0,22160.0,27350.0,32240.0,37280.0,47390.0,major,Food Preparation and Serving Related Occupations
311,35-0000,2024,13613490.0,36020.0,22720.0,28160.0,34130.0,38770.0,49230.0,major,Food Preparation and Serving Related Occupations
312,35-1000,2019,1139290.0,39140.0,22760.0,27150.0,34830.0,47790.0,61730.0,minor,Supervisors of Food Preparation and Serving Workers
313,35-1000,2020,993030.0,40010.0,23240.0,28100.0,35900.0,48730.0,63030.0,minor,Supervisors of Food Preparation and Serving Workers
314,35-1000,2021,1170410.0,41130.0,24290.0,29690.0,37130.0,48450.0,62620.0,minor,Supervisors of Food Preparation and Serving Workers
315,35-1000,2022,1329810.0,43330.0,27930.0,32270.0,37930.0,49080.0,63550.0,minor,Supervisors of Food Preparation and Serving Workers
316,35-1000,2023,1348910.0,45780.0,29090.0,35030.0,40950.0,53630.0,69250.0,minor,Supervisors of Food Preparation and Serving Workers
317,35-1000,2024,1369780.0,47540.0,29600.0,35840.0,44140.0,56990.0,71920.0,minor,Supervisors of Food Preparation and Serving Workers
318,35-2000,2019,3367740.0,27100.0,18660.0,21910.0,25890.0,31030.0,37490.0,minor,Cooks and Food Preparation Workers
319,35-2000,2020,2977730.0,27820.0,18830.0,22180.0,27070.0,31780.0,38490.0,minor,Cooks and Food Preparation Workers
320,35-2000,2021,3281610.0,29380.0,19760.0,23450.0,29100.0,33130.0,38320.0,minor,Cooks and Food Preparation Workers
321,35-2000,2022,3521670.0,31730.0,21930.0,26650.0,30590.0,36000.0,42140.0,minor,Cooks and Food Preparation Workers
322,35-2000,2023,3546860.0,34010.0,23310.0,28460.0,34020.0,37680.0,44920.0,minor,Cooks and Food Preparation Workers
323,35-2000,2024,3632290.0,35460.0,24490.0,29360.0,35450.0,39190.0,46250.0,minor,Cooks and Food Preparation Workers
324,35-3000,2019,7500280.0,24990.0,17560.0,19160.0,22930.0,26950.0,35380.0,minor,Food and Beverage Serving Workers
325,35-3000,2020,6135730.0,25930.0,17830.0,19630.0,24050.0,28980.0,36100.0,minor,Food and Beverage Serving Workers
326,35-3000,2021,5627500.0,27520.0,18080.0,21420.0,26000.0,30040.0,37330.0,minor,Food and Beverage Serving Workers
327,35-3000,2022,6309200.0,30540.0,20370.0,22810.0,28440.0,33900.0,42370.0,minor,Food and Beverage Serving Workers
328,35-3000,2023,6893410.0,33060.0,21370.0,25700.0,30160.0,35720.0,46000.0,minor,Food and Beverage Serving Workers
329,35-3000,2024,7101010.0,34650.0,21880.0,27040.0,31470.0,36830.0,47920.0,minor,Food and Beverage Serving Workers
330,35-9000,2019,1487290.0,24590.0,17940.0,19850.0,23650.0,26900.0,32100.0,minor,Other Food Preparation and Serving Related Workers
331,35-9000,2020,1156370.0,25740.0,18270.0,20320.0,25010.0,29060.0,33170.0,minor,Other Food Preparation and Serving Related Workers
332,35-9000,2021,1121960.0,27170.0,18510.0,22320.0,27400.0,30140.0,35830.0,minor,Other Food Preparation and Serving Related Workers
333,35-9000,2022,1353950.0,29600.0,20900.0,23440.0,28750.0,33410.0,37080.0,minor,Other Food Preparation and Serving Related Workers
334,35-9000,2023,1458690.0,31970.0,21950.0,26700.0,30620.0,35540.0,41600.0,minor,Other Food Preparation and Serving Related Workers
335,35-9000,2024,1510410.0,33380.0,22600.0,27830.0,32680.0,36620.0,43970.0,minor,Other Food Preparation and Serving Related Workers
336,37-0000,2019,4429100.0,31250.0,19860.0,23390.0,28330.0,36510.0,47670.0,major,Building and Grounds Cleaning and Maintenance Occupations
337,37-0000,2020,4090370.0,32760.0,20700.0,24730.0,29940.0,38150.0,49690.0,major,Building and Grounds Cleaning and Maintenance Occupations
338,37-0000,2021,4108810.0,33750.0,22660.0,27180.0,30240.0,37840.0,47960.0,major,Building and Grounds Cleaning and Maintenance Occupations
339,37-0000,2022,4316350.0,35900.0,23640.0,28540.0,33870.0,39520.0,49630.0,major,Building and Grounds Cleaning and Maintenance Occupations
340,37-0000,2023,4429070.0,38320.0,26890.0,30270.0,35990.0,43690.0,52870.0,major,Building and Grounds Cleaning and Maintenance Occupations
341,37-0000,2024,4496150.0,39540.0,28120.0,31600.0,36790.0,44980.0,55120.0,major,Building and Grounds Cleaning and Maintenance Occupations
342,37-1000,2019,259140.0,47430.0,27730.0,34400.0,44490.0,58090.0,72610.0,minor,Supervisors of Building and Grounds Cleaning and Maintenance Workers
343,37-1000,2020,244990.0,49110.0,28830.0,35740.0,46280.0,60120.0,75240.0,minor,Supervisors of Building and Grounds Cleaning and Maintenance Workers
344,37-1000,2021,270020.0,48620.0,29940.0,36750.0,46640.0,59670.0,75410.0,minor,Supervisors of Building and Grounds Cleaning and Maintenance Workers
345,37-1000,2022,288670.0,50980.0,31680.0,37810.0,47230.0,60140.0,75130.0,minor,Supervisors of Building and Grounds Cleaning and Maintenance Workers
346,37-1000,2023,297150.0,53770.0,35280.0,40390.0,49310.0,62470.0,77290.0,minor,Supervisors of Building and Grounds Cleaning and Maintenance Workers
347,37-1000,2024,298790.0,54580.0,36020.0,41820.0,49990.0,63080.0,78050.0,minor,Supervisors of Building and Grounds Cleaning and Maintenance Workers
348,37-2000,2019,3170010.0,29350.0,19320.0,22570.0,26570.0,33700.0,43330.0,minor,Building Cleaning and Pest Control Workers
349,37-2000,2020,2882710.0,30760.0,20070.0,23600.0,28360.0,35450.0,45520.0,minor,Building Cleaning and Pest Control Workers
350,37-2000,2021,2862840.0,31590.0,22290.0,24300.0,29640.0,36380.0,45800.0,minor,Building Cleaning and Pest Control Workers
351,37-2000,2022,3026520.0,33730.0,22990.0,27610.0,31600.0,37300.0,46220.0,minor,Building Cleaning and Pest Control Workers
352,37-2000,2023,3116220.0,36100.0,25530.0,29390.0,34780.0,39350.0,48010.0,minor,Building Cleaning and Pest Control Workers
353,37-2000,2024,3167290.0,37400.0,27420.0,30520.0,35750.0,41420.0,49040.0,minor,Building Cleaning and Pest Control Workers
354,37-3000,2019,999960.0,33100.0,21890.0,25710.0,30890.0,38200.0,48210.0,minor,Grounds Maintenance Workers
355,37-3000,2020,962670.0,34590.0,22940.0,27190.0,32220.0,39670.0,50030.0,minor,Grounds Maintenance Workers
356,37-3000,2021,975950.0,35960.0,24300.0,29470.0,35460.0,38450.0,48200.0,minor,Grounds Maintenance Workers
357,37-3000,2022,1001160.0,38100.0,27710.0,30600.0,36160.0,43740.0,50330.0,minor,Grounds Maintenance Workers
358,37-3000,2023,1015700.0,40620.0,29180.0,34140.0,37690.0,45950.0,54880.0,minor,Grounds Maintenance Workers
359,37-3000,2024,1030070.0,41750.0,30140.0,35470.0,38470.0,46390.0,56460.0,minor,Grounds Maintenance Workers
360,39-0000,2019,3303200.0,31260.0,18610.0,21650.0,26220.0,35880.0,50940.0,major,Personal Care and Service Occupations
361,39-0000,2020,2696340.0,32610.0,19160.0,22870.0,28120.0,37410.0,52180.0,major,Personal Care and Service Occupations
362,39-0000,2021,2566440.0,33620.0,19810.0,23560.0,29450.0,37540.0,49410.0,major,Personal Care and Service Occupations
363,39-0000,2022,2835650.0,36210.0,21830.0,26620.0,31340.0,39730.0,55880.0,major,Personal Care and Service Occupations
364,39-0000,2023,3040630.0,38430.0,23130.0,28420.0,34260.0,43320.0,58630.0,major,Personal Care and Service Occupations
365,39-0000,2024,3159940.0,39410.0,24220.0,29220.0,35110.0,44400.0,59320.0,major,Personal Care and Service Occupations
366,39-1000,2019,247100.0,44400.0,25430.0,31550.0,40930.0,54210.0,67900.0,minor,Supervisors of Personal Care and Service Workers
367,39-1000,2020,193950.0,46350.0,26770.0,33200.0,42850.0,56580.0,70530.0,minor,Supervisors of Personal Care and Service Workers
368,39-1000,2021,187400.0,46950.0,28820.0,34330.0,45070.0,58330.0,72840.0,minor,Supervisors of Personal Care and Service Workers
369,39-1000,2022,205440.0,48790.0,29360.0,35710.0,45350.0,58140.0,73160.0,minor,Supervisors of Personal Care and Service Workers
370,39-1000,2023,219680.0,51690.0,31800.0,37800.0,47550.0,60830.0,76280.0,minor,Supervisors of Personal Care and Service Workers
371,39-1000,2024,225420.0,52440.0,33070.0,38410.0,48050.0,61560.0,77160.0,minor,Supervisors of Personal Care and Service Workers
372,39-2000,2019,228980.0,27720.0,18720.0,21380.0,24990.0,30590.0,39920.0,minor,Animal Care and Service Workers
373,39-2000,2020,208540.0,29060.0,19380.0,22230.0,26370.0,31920.0,41360.0,minor,Animal Care and Service Workers
374,39-2000,2021,241520.0,30100.0,21480.0,23260.0,28730.0,33300.0,41820.0,minor,Animal Care and Service Workers
375,39-2000,2022,274380.0,32780.0,22350.0,26650.0,29790.0,35780.0,45460.0,minor,Animal Care and Service Workers
376,39-2000,2023,288060.0,34290.0,23350.0,28190.0,31830.0,36650.0,46500.0,minor,Animal Care and Service Workers
377,39-2000,2024,297420.0,35490.0,24960.0,28980.0,33860.0,37620.0,47410.0,minor,Animal Care and Service Workers
378,39-3000,2019,628090.0,25060.0,17680.0,19430.0,23260.0,27200.0,35260.0,minor,Entertainment Attendants and Related Workers
379,39-3000,2020,450630.0,26560.0,18080.0,20070.0,24980.0,29750.0,37020.0,minor,Entertainment Attendants and Related Workers
380,39-3000,2021,418960.0,27170.0,18010.0,21420.0,24960.0,29760.0,36890.0,minor,Entertainment Attendants and Related Workers
381,39-3000,2022,539090.0,29830.0,20160.0,22700.0,28060.0,33040.0,40140.0,minor,Entertainment Attendants and Related Workers
382,39-3000,2023,612760.0,32250.0,21590.0,24840.0,29840.0,35250.0,43240.0,minor,Entertainment Attendants and Related Workers
383,39-3000,2024,627560.0,33380.0,22240.0,26430.0,31200.0,35990.0,44710.0,minor,Entertainment Attendants and Related Workers
384,39-4000,2019,64359.82194634812,41993.04308802128,21985.14161226618,27854.57005969659,35704.968183845434,48059.64698036643,73484.76833975906,minor,Funeral Service Workers
385,39-4000,2020,63496.13763587939,42594.301879915525,22786.411166632755,28393.911292936686,36263.03292033964,48963.96837264246,73409.93450911534,minor,Funeral Service Workers
386,39-4000,2021,63300.0,42800.0,23350.0,28780.0,36490.0,48890.0,73580.0,minor,Funeral Service Workers
387,39-4000,2022,63770.0,45010.0,25870.0,29650.0,37310.0,52320.0,74260.0,minor,Funeral Service Workers
388,39-4000,2023,63430.0,45520.0,27320.0,30730.0,38080.0,52800.0,73690.0,minor,Funeral Service Workers
389,39-4000,2024,62630.0,45890.0,28300.0,31670.0,39170.0,53830.0,73810.0,minor,Funeral Service Workers
390,39-5000,2019,589960.0,31700.0,18770.0,22130.0,26430.0,36140.0,50790.0,minor,Personal Appearance Workers
391,39-5000,2020,448020.0,33460.0,19250.0,22900.0,28310.0,38180.0,53270.0,minor,Personal Appearance Workers
392,39-5000,2021,481530.0,35350.0,21420.0,24980.0,29590.0,37890.0,56050.0,minor,Personal Appearance Workers
393,39-5000,2022,521210.0,38720.0,22290.0,28140.0,33270.0,44200.0,59480.0,minor,Personal Appearance Workers
394,39-5000,2023,532400.0,41510.0,24140.0,29540.0,34930.0,46390.0,62510.0,minor,Personal Appearance Workers
395,39-5000,2024,543830.0,42480.0,25580.0,30220.0,35310.0,47040.0,63900.0,minor,Personal Appearance Workers
396,39-6000,2019,81460.0,31330.0,19820.0,23580.0,28550.0,36330.0,47020.0,minor,"Baggage Porters, Bellhops, and Concierges"
397,39-6000,2020,65240.0,32580.0,20500.0,24990.0,30110.0,37930.0,48490.0,minor,"Baggage Porters, Bellhops, and Concierges"
398,39-6000,2021,54100.0,34680.0,22660.0,28220.0,30720.0,38320.0,49620.0,minor,"Baggage Porters, Bellhops, and Concierges"
399,39-6000,2022,64120.0,36140.0,24330.0,29120.0,33870.0,39700.0,52490.0,minor,"Baggage Porters, Bellhops, and Concierges"
400,39-6000,2023,69800.0,38530.0,27800.0,31880.0,36260.0,43240.0,53410.0,minor,"Baggage Porters, Bellhops, and Concierges"
401,39-6000,2024,75430.0,39190.0,28360.0,32560.0,36810.0,43600.0,54340.0,minor,"Baggage Porters, Bellhops, and Concierges"
402,39-7000,2019,48710.0,30670.0,19500.0,22970.0,27600.0,35780.0,45850.0,minor,Tour and Travel Guides
403,39-7000,2020,38030.0,32200.0,20430.0,24200.0,29460.0,37730.0,47660.0,minor,Tour and Travel Guides
404,39-7000,2021,30980.0,33200.0,20950.0,24300.0,29780.0,37670.0,47800.0,minor,Tour and Travel Guides
405,39-7000,2022,41180.0,37790.0,23400.0,28220.0,34440.0,42870.0,55130.0,minor,Tour and Travel Guides
406,39-7000,2023,46760.0,40280.0,25930.0,30530.0,36060.0,44520.0,58620.0,minor,Tour and Travel Guides
407,39-7000,2024,49010.0,43090.0,26890.0,31250.0,36660.0,45910.0,59930.0,minor,Tour and Travel Guides
408,39-9000,2019,1137764.2935209922,31814.60336182383,19075.24158783066,22492.56412850515,28152.714334881428,36221.03649361116,49163.13582391167,minor,Other Personal Care and Service Workers
409,39-9000,2020,1071847.2072835038,32997.78452333658,19811.84388292689,23514.58849119463,29517.688144703156,37811.594866106585,50899.67266788724,minor,Other Personal Care and Service Workers
410,39-9000,2021,1088670.0,33260.0,20650.0,23710.0,29540.0,37430.0,48640.0,minor,Other Personal Care and Service Workers
411,39-9000,2022,1126460.0,36080.0,21980.0,26520.0,31570.0,39330.0,53730.0,minor,Other Personal Care and Service Workers
412,39-9000,2023,1207740.0,38340.0,23400.0,28640.0,34690.0,43200.0,57360.0,minor,Other Personal Care and Service Workers
413,39-9000,2024,1278640.0,39230.0,24680.0,29590.0,35550.0,44270.0,58190.0,minor,Other Personal Care and Service Workers
414,41-0000,2019,14371410.0,43060.0,19570.0,23300.0,29630.0,49060.0,81020.0,major,Sales and Related Occupations
415,41-0000,2020,13120320.0,45750.0,20490.0,24740.0,31500.0,51880.0,86270.0,major,Sales and Related Occupations
416,41-0000,2021,13256290.0,46080.0,22330.0,26870.0,30600.0,48980.0,81710.0,major,Sales and Related Occupations
417,41-0000,2022,13183250.0,50370.0,23180.0,28310.0,35290.0,56480.0,94040.0,major,Sales and Related Occupations
418,41-0000,2023,13380660.0,53280.0,25790.0,29810.0,36760.0,59090.0,98040.0,major,Sales and Related Occupations
419,41-0000,2024,13351680.0,54070.0,27060.0,31010.0,37460.0,59880.0,98860.0,major,Sales and Related Occupations
420,41-1000,2019,1420990.0,52900.0,27020.0,33450.0,44250.0,61760.0,87520.0,minor,Supervisors of Sales Workers
421,41-1000,2020,1303400.0,55200.0,28070.0,34730.0,46070.0,64520.0,93140.0,minor,Supervisors of Sales Workers
422,41-1000,2021,1387190.0,54880.0,29220.0,36360.0,46850.0,61450.0,95790.0,minor,Supervisors of Sales Workers
423,41-1000,2022,1334680.0,58450.0,30060.0,37010.0,47800.0,64860.0,96470.0,minor,Supervisors of Sales Workers
424,41-1000,2023,1315030.0,60140.0,31320.0,38140.0,49020.0,67230.0,97190.0,minor,Supervisors of Sales Workers
425,41-1000,2024,1332180.0,59830.0,32630.0,38710.0,49510.0,66960.0,95170.0,minor,Supervisors of Sales Workers
426,41-2000,2019,8603590.0,27600.0,18590.0,21200.0,24630.0,29870.0,38950.0,minor,Retail Sales Workers
427,41-2000,2020,7628920.0,29010.0,19360.0,22270.0,26270.0,31470.0,40370.0,minor,Retail Sales Workers
428,41-2000,2021,7665410.0,30060.0,20940.0,23070.0,28680.0,30640.0,38060.0,minor,Retail Sales Workers
429,41-2000,2022,7584940.0,32500.0,22090.0,25850.0,29660.0,34940.0,43920.0,minor,Retail Sales Workers
430,41-2000,2023,7655030.0,34520.0,23210.0,27810.0,31940.0,36350.0,45770.0,minor,Retail Sales Workers
431,41-2000,2024,7633890.0,35470.0,24170.0,28630.0,33690.0,37090.0,46540.0,minor,Retail Sales Workers
432,41-3000,2019,2084000.0,71660.0,28490.0,38170.0,55370.0,83130.0,133410.0,minor,"Sales Representatives, Services"
433,41-3000,2020,1992540.0,75170.0,30210.0,40090.0,57760.0,87120.0,141200.0,minor,"Sales Representatives, Services"
434,41-3000,2021,2009700.0,74770.0,30460.0,39540.0,60550.0,90100.0,131660.0,minor,"Sales Representatives, Services"
435,41-3000,2022,2124250.0,81230.0,34850.0,45170.0,61180.0,95130.0,143580.0,minor,"Sales Representatives, Services"
436,41-3000,2023,2245510.0,85860.0,36550.0,47010.0,63150.0,99050.0,159130.0,minor,"Sales Representatives, Services"
437,41-3000,2024,2287740.0,86380.0,37400.0,47620.0,64200.0,100010.0,159790.0,minor,"Sales Representatives, Services"
438,41-4000,2019,1651500.0,75180.0,31820.0,44090.0,63000.0,92700.0,132920.0,minor,"Sales Representatives, Wholesale and Manufacturing"
439,41-4000,2020,1566820.0,78310.0,33240.0,45630.0,65420.0,97070.0,139300.0,minor,"Sales Representatives, Wholesale and Manufacturing"
440,41-4000,2021,1508660.0,77750.0,33120.0,47230.0,62890.0,98260.0,131960.0,minor,"Sales Representatives, Wholesale and Manufacturing"
441,41-4000,2022,1564230.0,83030.0,36780.0,48460.0,67750.0,100480.0,143810.0,minor,"Sales Representatives, Wholesale and Manufacturing"
442,41-4000,2023,1600700.0,86920.0,38270.0,50110.0,73080.0,102750.0,153680.0,minor,"Sales Representatives, Wholesale and Manufacturing"
443,41-4000,2024,1560790.0,87690.0,38910.0,50820.0,74100.0,103200.0,155930.0,minor,"Sales Representatives, Wholesale and Manufacturing"
444,41-9000,2019,611330.0,53500.0,21400.0,25930.0,37220.0,63430.0,107070.0,minor,Other Sales and Related Workers
445,41-9000,2020,628640.0,54890.0,21990.0,27080.0,37560.0,65330.0,110170.0,minor,Other Sales and Related Workers
446,41-9000,2021,685330.0,53580.0,23280.0,28560.0,36590.0,61090.0,101890.0,minor,Other Sales and Related Workers
447,41-9000,2022,575150.0,64480.0,27080.0,32470.0,45970.0,76300.0,121960.0,minor,Other Sales and Related Workers
448,41-9000,2023,564380.0,66760.0,28810.0,35440.0,47990.0,78790.0,126410.0,minor,Other Sales and Related Workers
449,41-9000,2024,537090.0,68850.0,29840.0,36300.0,49720.0,83020.0,130790.0,minor,Other Sales and Related Workers
450,43-0000,2019,19528250.0,41040.0,23790.0,29400.0,37580.0,49390.0,63260.0,major,Office and Administrative Support Occupations
451,43-0000,2020,18548360.0,42390.0,25170.0,30560.0,38720.0,50760.0,65020.0,major,Office and Administrative Support Occupations
452,43-0000,2021,18299380.0,43430.0,28010.0,30180.0,38050.0,48490.0,62420.0,major,Office and Administrative Support Occupations
453,43-0000,2022,18674770.0,45550.0,28700.0,34230.0,40910.0,52000.0,66850.0,major,Office and Administrative Support Occupations
454,43-0000,2023,18533450.0,47940.0,30240.0,36170.0,44480.0,56100.0,71440.0,major,Office and Administrative Support Occupations
455,43-0000,2024,18218070.0,50160.0,31800.0,37580.0,46320.0,58730.0,74480.0,major,Office and Administrative Support Occupations
456,43-1000,2019,1487870.0,60130.0,34290.0,43360.0,56620.0,72480.0,91570.0,minor,Supervisors of Office and Administrative Support Workers
457,43-1000,2020,1427260.0,62010.0,35360.0,44900.0,58450.0,74660.0,94170.0,minor,Supervisors of Office and Administrative Support Workers
458,43-1000,2021,1443630.0,63380.0,37370.0,47490.0,60590.0,76920.0,97610.0,minor,Supervisors of Office and Administrative Support Workers
459,43-1000,2022,1495440.0,65510.0,38420.0,48040.0,61370.0,77430.0,97490.0,minor,Supervisors of Office and Administrative Support Workers
460,43-1000,2023,1504570.0,68620.0,41060.0,50160.0,63450.0,79690.0,100270.0,minor,Supervisors of Office and Administrative Support Workers
461,43-1000,2024,1495580.0,71560.0,43920.0,53190.0,66140.0,82340.0,102980.0,minor,Supervisors of Office and Administrative Support Workers
462,43-2000,2019,76030.0,33890.0,22000.0,25870.0,31070.0,38740.0,50270.0,minor,Communications Equipment Operators
463,43-2000,2020,66960.0,35050.0,22780.0,27060.0,32060.0,39980.0,51990.0,minor,Communications Equipment Operators
464,43-2000,2021,53400.0,35310.0,23150.0,28770.0,30720.0,37770.0,49070.0,minor,Communications Equipment Operators
465,43-2000,2022,52700.0,37870.0,26000.0,29780.0,35020.0,41620.0,56140.0,minor,Communications Equipment Operators
466,43-2000,2023,49810.0,40570.0,28220.0,31900.0,37030.0,45350.0,60360.0,minor,Communications Equipment Operators
467,43-2000,2024,41070.0,42670.0,29990.0,34600.0,38600.0,47360.0,61580.0,minor,Communications Equipment Operators
468,43-3000,2019,2910660.0,40770.0,25640.0,31340.0,38510.0,48710.0,60050.0,minor,Financial Clerks
469,43-3000,2020,2770580.0,41920.0,26770.0,32420.0,39550.0,49900.0,61560.0,minor,Financial Clerks
470,43-3000,2021,2768230.0,43340.0,29060.0,35210.0,38830.0,48340.0,60700.0,minor,Financial Clerks
471,43-3000,2022,2824120.0,45600.0,30120.0,36130.0,43680.0,51620.0,63230.0,minor,Financial Clerks
472,43-3000,2023,2739760.0,47860.0,32170.0,37690.0,45790.0,55380.0,65610.0,minor,Financial Clerks
473,43-3000,2024,2645000.0,50200.0,34600.0,39390.0,47370.0,58260.0,69820.0,minor,Financial Clerks
474,43-4000,2019,5780040.0,36580.0,22380.0,26960.0,34050.0,43390.0,55230.0,minor,Information and Record Clerks
475,43-4000,2020,5480860.0,37900.0,23460.0,28250.0,35300.0,44960.0,56920.0,minor,Information and Record Clerks
476,43-4000,2021,5461400.0,38670.0,24260.0,29340.0,36770.0,46520.0,58640.0,minor,Information and Record Clerks
477,43-4000,2022,5615960.0,40500.0,27280.0,31000.0,37440.0,46940.0,59160.0,minor,Information and Record Clerks
478,43-4000,2023,5537420.0,42610.0,28800.0,33860.0,39030.0,48240.0,60630.0,minor,Information and Record Clerks
479,43-4000,2024,5311310.0,44580.0,29990.0,35450.0,41600.0,49850.0,62190.0,minor,Information and Record Clerks
480,43-5000,2019,2155080.0,43950.0,26130.0,32540.0,40320.0,55580.0,64410.0,minor,"Material Recording, Scheduling, Dispatching, and Distributing Workers"
481,43-5000,2020,2149050.0,44930.0,27250.0,33530.0,41160.0,55780.0,65040.0,minor,"Material Recording, Scheduling, Dispatching, and Distributing Workers"
482,43-5000,2021,2213750.0,45710.0,29180.0,36070.0,42030.0,55390.0,67230.0,minor,"Material Recording, Scheduling, Dispatching, and Distributing Workers"
483,43-5000,2022,2306600.0,47770.0,30850.0,36560.0,44580.0,57460.0,71340.0,minor,"Material Recording, Scheduling, Dispatching, and Distributing Workers"
484,43-5000,2023,2316650.0,50430.0,33420.0,38350.0,46590.0,60010.0,75030.0,minor,"Material Recording, Scheduling, Dispatching, and Distributing Workers"
485,43-5000,2024,2319860.0,52440.0,35350.0,40210.0,48090.0,61520.0,75300.0,minor,"Material Recording, Scheduling, Dispatching, and Distributing Workers"
486,43-6000,2019,3353950.0,43410.0,25720.0,31810.0,39850.0,51980.0,65510.0,minor,Secretaries and Administrative Assistants
487,43-6000,2020,3111790.0,44800.0,26880.0,32810.0,40990.0,53280.0,67510.0,minor,Secretaries and Administrative Assistants
488,43-6000,2021,3104790.0,45250.0,28920.0,34520.0,39680.0,49680.0,63100.0,minor,Secretaries and Administrative Assistants
489,43-6000,2022,3144510.0,47670.0,29930.0,36000.0,44080.0,55400.0,70380.0,minor,Secretaries and Administrative Assistants
490,43-6000,2023,3171290.0,49810.0,31580.0,37320.0,46010.0,58140.0,74160.0,minor,Secretaries and Administrative Assistants
491,43-6000,2024,3195900.0,52070.0,33840.0,38790.0,47460.0,59990.0,76550.0,minor,Secretaries and Administrative Assistants
492,43-9000,2019,3764620.0,36920.0,21690.0,26760.0,34670.0,44390.0,56020.0,minor,Other Office and Administrative Support Workers
493,43-9000,2020,3541850.0,38290.0,22690.0,28050.0,35870.0,46090.0,57880.0,minor,Other Office and Administrative Support Workers
494,43-9000,2021,3254180.0,39480.0,23870.0,29630.0,37180.0,47010.0,59250.0,minor,Other Office and Administrative Support Workers
495,43-9000,2022,3235430.0,41550.0,26620.0,31400.0,38290.0,48130.0,60010.0,minor,Other Office and Administrative Support Workers
496,43-9000,2023,3213950.0,43970.0,28660.0,34200.0,40950.0,50130.0,62030.0,minor,Other Office and Administrative Support Workers
497,43-9000,2024,3209350.0,45950.0,29710.0,35750.0,44030.0,53090.0,64270.0,minor,Other Office and Administrative Support Workers
498,45-0000,2019,484750.0,31340.0,22880.0,24180.0,27180.0,34780.0,47480.0,major,"Farming, Fishing, and Forestry Occupations"
499,45-0000,2020,478770.0,33310.0,24090.0,27070.0,29670.0,35950.0,48950.0,major,"Farming, Fishing, and Forestry Occupations"
500,45-0000,2021,452490.0,34730.0,26990.0,29120.0,29860.0,37140.0,48140.0,major,"Farming, Fishing, and Forestry Occupations"
501,45-0000,2022,461750.0,37870.0,28660.0,31150.0,33970.0,39870.0,52780.0,major,"Farming, Fishing, and Forestry Occupations"
502,45-0000,2023,432200.0,39970.0,30010.0,33220.0,35520.0,43240.0,56640.0,major,"Farming, Fishing, and Forestry Occupations"
503,45-0000,2024,442050.0,41730.0,31470.0,34590.0,36750.0,45450.0,58950.0,major,"Farming, Fishing, and Forestry Occupations"
504,45-1000,2019,22560.0,52520.0,30130.0,36940.0,48280.0,64000.0,80950.0,minor,"Supervisors of Farming, Fishing, and Forestry Workers"
505,45-1000,2020,22640.0,54420.0,31730.0,38340.0,50080.0,66380.0,83090.0,minor,"Supervisors of Farming, Fishing, and Forestry Workers"
506,45-1000,2021,25770.0,54450.0,32400.0,38350.0,48640.0,63020.0,79050.0,minor,"Supervisors of Farming, Fishing, and Forestry Workers"
507,45-1000,2022,27670.0,58820.0,36020.0,42850.0,54490.0,70640.0,85400.0,minor,"Supervisors of Farming, Fishing, and Forestry Workers"
508,45-1000,2023,27150.0,60790.0,37980.0,45510.0,57320.0,73460.0,88360.0,minor,"Supervisors of Farming, Fishing, and Forestry Workers"
509,45-1000,2024,29530.0,63360.0,39610.0,47660.0,59330.0,76640.0,90840.0,minor,"Supervisors of Farming, Fishing, and Forestry Workers"
510,45-2000,2019,415390.0,29120.0,22510.0,23960.0,26030.0,31140.0,40050.0,minor,Agricultural Workers
511,45-2000,2020,409420.0,31180.0,23740.0,27070.0,29020.0,32210.0,41070.0,minor,Agricultural Workers
512,45-2000,2021,383760.0,32450.0,26000.0,29120.0,29680.0,34790.0,43210.0,minor,Agricultural Workers
513,45-2000,2022,390500.0,35440.0,28340.0,31020.0,33410.0,36500.0,46170.0,minor,Agricultural Workers
514,45-2000,2023,363710.0,37370.0,29630.0,32970.0,34910.0,38760.0,47640.0,minor,Agricultural Workers
515,45-2000,2024,373730.0,39060.0,30880.0,34260.0,36020.0,41660.0,49850.0,minor,Agricultural Workers
516,45-4000,2019,44720.0,41130.0,24730.0,31040.0,39090.0,49800.0,60970.0,minor,"Forest, Conservation, and Logging Workers"
517,45-4000,2020,44120.0,42230.0,25670.0,31040.0,40200.0,51120.0,63020.0,minor,"Forest, Conservation, and Logging Workers"
518,45-4000,2021,42330.0,43320.0,28490.0,30810.0,39050.0,48550.0,61220.0,minor,"Forest, Conservation, and Logging Workers"
519,45-4000,2022,42830.0,46210.0,29100.0,34620.0,45050.0,53280.0,63690.0,minor,"Forest, Conservation, and Logging Workers"
520,45-4000,2023,40450.0,49270.0,31010.0,36560.0,46910.0,58700.0,69760.0,minor,"Forest, Conservation, and Logging Workers"
521,45-4000,2024,37740.0,51180.0,34570.0,40510.0,48390.0,59620.0,70840.0,minor,"Forest, Conservation, and Logging Workers"
522,47-0000,2019,6194140.0,52580.0,28420.0,35530.0,47430.0,63940.0,85810.0,major,Construction and Extraction Occupations
523,47-0000,2020,5937830.0,53940.0,29360.0,36540.0,48610.0,65440.0,87870.0,major,Construction and Extraction Occupations
524,47-0000,2021,5848950.0,55900.0,30080.0,37680.0,48210.0,63960.0,93080.0,major,Construction and Extraction Occupations
525,47-0000,2022,6075520.0,58400.0,34130.0,39550.0,50570.0,70460.0,94220.0,major,Construction and Extraction Occupations
526,47-0000,2023,6225630.0,61500.0,36380.0,44220.0,55680.0,74750.0,97700.0,major,Construction and Extraction Occupations
527,47-0000,2024,6361720.0,63920.0,37440.0,46030.0,58360.0,76820.0,100430.0,major,Construction and Extraction Occupations
528,47-1000,2019,626180.0,71440.0,42730.0,53400.0,66210.0,85540.0,106900.0,minor,Supervisors of Construction and Extraction Workers
529,47-1000,2020,614080.0,72990.0,43570.0,54270.0,67840.0,87570.0,109980.0,minor,Supervisors of Construction and Extraction Workers
530,47-1000,2021,665870.0,75060.0,47330.0,58000.0,72010.0,92150.0,108120.0,minor,Supervisors of Construction and Extraction Workers
531,47-1000,2022,720900.0,77650.0,47600.0,59100.0,74080.0,93800.0,116940.0,minor,Supervisors of Construction and Extraction Workers
532,47-1000,2023,777420.0,81340.0,49420.0,60870.0,76760.0,97750.0,122260.0,minor,Supervisors of Construction and Extraction Workers
533,47-1000,2024,806080.0,84500.0,51290.0,62400.0,78690.0,100200.0,126690.0,minor,Supervisors of Construction and Extraction Workers
534,47-2000,2019,4617440.0,51330.0,28240.0,35130.0,46340.0,62420.0,83230.0,minor,Construction Trades Workers
535,47-2000,2020,4430270.0,52580.0,29190.0,36110.0,47480.0,63750.0,85050.0,minor,Construction Trades Workers
536,47-2000,2021,4362080.0,54140.0,29970.0,37500.0,47860.0,62010.0,82080.0,minor,Construction Trades Workers
537,47-2000,2022,4509820.0,56510.0,33780.0,39020.0,49330.0,65150.0,88300.0,minor,Construction Trades Workers
538,47-2000,2023,4588620.0,59350.0,36190.0,43290.0,52000.0,70620.0,93600.0,minor,Construction Trades Workers
539,47-2000,2024,4691890.0,61560.0,37260.0,45560.0,56490.0,73780.0,96650.0,minor,Construction Trades Workers
540,47-3000,2019,242400.0,34300.0,23020.0,27210.0,32720.0,39190.0,48910.0,minor,"Helpers, Construction Trades"
541,47-3000,2020,227710.0,35640.0,24320.0,28260.0,34000.0,40470.0,50520.0,minor,"Helpers, Construction Trades"
542,47-3000,2021,206900.0,37340.0,27660.0,29630.0,36510.0,41800.0,48210.0,minor,"Helpers, Construction Trades"
543,47-3000,2022,202410.0,39320.0,28770.0,31900.0,37180.0,44870.0,51320.0,minor,"Helpers, Construction Trades"
544,47-3000,2023,191670.0,41340.0,30110.0,34980.0,38630.0,46510.0,55280.0,minor,"Helpers, Construction Trades"
545,47-3000,2024,186250.0,43140.0,31360.0,36280.0,40430.0,47710.0,57480.0,minor,"Helpers, Construction Trades"
546,47-4000,2019,437730.0,51600.0,28470.0,35640.0,46510.0,62150.0,83210.0,minor,Other Construction and Related Workers
547,47-4000,2020,438940.0,52750.0,29300.0,36490.0,47580.0,63500.0,84830.0,minor,Other Construction and Related Workers
548,47-4000,2021,430760.0,54670.0,29860.0,37500.0,47910.0,61950.0,82610.0,minor,Other Construction and Related Workers
549,47-4000,2022,446630.0,56990.0,32380.0,39000.0,49660.0,66370.0,90680.0,minor,Other Construction and Related Workers
550,47-4000,2023,455520.0,60050.0,35740.0,42830.0,52900.0,71860.0,95120.0,minor,Other Construction and Related Workers
551,47-4000,2024,464570.0,62700.0,37330.0,45430.0,56520.0,74540.0,99280.0,minor,Other Construction and Related Workers
552,47-5000,2019,270390.0,48180.0,30270.0,35890.0,44940.0,57460.0,72020.0,minor,Extraction Workers
553,47-5000,2020,226840.0,49520.0,30910.0,36660.0,46020.0,59180.0,74480.0,minor,Extraction Workers
554,47-5000,2021,183340.0,51900.0,31950.0,37730.0,47600.0,60900.0,77160.0,minor,Extraction Workers
555,47-5000,2022,195750.0,53850.0,35690.0,40220.0,49330.0,62140.0,77660.0,minor,Extraction Workers
556,47-5000,2023,212390.0,56610.0,37160.0,44380.0,51780.0,64530.0,80010.0,minor,Extraction Workers
557,47-5000,2024,212920.0,59040.0,37820.0,46180.0,56020.0,67870.0,82950.0,minor,Extraction Workers
558,49-0000,2019,5713450.0,50130.0,26740.0,34530.0,46630.0,61930.0,79540.0,major,"Installation, Maintenance, and Repair Occupations"
559,49-0000,2020,5486930.0,52360.0,28190.0,36100.0,48750.0,64490.0,82730.0,major,"Installation, Maintenance, and Repair Occupations"
560,49-0000,2021,5574410.0,53380.0,29540.0,37280.0,47940.0,62000.0,79460.0,major,"Installation, Maintenance, and Repair Occupations"
561,49-0000,2022,5823400.0,55680.0,31200.0,38370.0,50080.0,65570.0,83970.0,major,"Installation, Maintenance, and Repair Occupations"
562,49-0000,2023,5989460.0,58500.0,34340.0,41090.0,53920.0,71460.0,89380.0,major,"Installation, Maintenance, and Repair Occupations"
563,49-0000,2024,6045020.0,61640.0,36190.0,45000.0,58230.0,75100.0,94420.0,major,"Installation, Maintenance, and Repair Occupations"
564,49-1000,2019,485700.0,70550.0,40880.0,52300.0,67460.0,85960.0,105810.0,minor,"Supervisors of Installation, Maintenance, and Repair Workers"
565,49-1000,2020,475000.0,73100.0,42440.0,54210.0,70240.0,89040.0,109440.0,minor,"Supervisors of Installation, Maintenance, and Repair Workers"
566,49-1000,2021,526240.0,73590.0,43800.0,51980.0,71260.0,91390.0,105910.0,minor,"Supervisors of Installation, Maintenance, and Repair Workers"
567,49-1000,2022,559050.0,76020.0,44900.0,56760.0,73140.0,92560.0,112020.0,minor,"Supervisors of Installation, Maintenance, and Repair Workers"
568,49-1000,2023,589880.0,79020.0,46070.0,58900.0,75820.0,96310.0,118980.0,minor,"Supervisors of Installation, Maintenance, and Repair Workers"
569,49-1000,2024,600680.0,82930.0,48460.0,61240.0,78300.0,99630.0,124280.0,minor,"Supervisors of Installation, Maintenance, and Repair Workers"
570,49-2000,2019,557620.0,54630.0,30170.0,38670.0,52570.0,68470.0,82950.0,minor,"Electrical and Electronic Equipment Mechanics, Installers, and Repairers"
571,49-2000,2020,526000.0,57400.0,31700.0,40610.0,55300.0,72010.0,87360.0,minor,"Electrical and Electronic Equipment Mechanics, Installers, and Repairers"
572,49-2000,2021,499670.0,57260.0,31020.0,38880.0,55820.0,72920.0,82770.0,minor,"Electrical and Electronic Equipment Mechanics, Installers, and Repairers"
573,49-2000,2022,496220.0,59500.0,35160.0,42990.0,56950.0,74140.0,89980.0,minor,"Electrical and Electronic Equipment Mechanics, Installers, and Repairers"
574,49-2000,2023,494550.0,62090.0,36770.0,45700.0,59420.0,76440.0,93540.0,minor,"Electrical and Electronic Equipment Mechanics, Installers, and Repairers"
575,49-2000,2024,479930.0,65000.0,38370.0,47650.0,60980.0,78690.0,97870.0,minor,"Electrical and Electronic Equipment Mechanics, Installers, and Repairers"
576,49-3000,2019,1638920.0,47440.0,25600.0,33120.0,44590.0,58800.0,74330.0,minor,"Vehicle and Mobile Equipment Mechanics, Installers, and Repairers"
577,49-3000,2020,1553160.0,49420.0,27070.0,34520.0,46530.0,61120.0,77280.0,minor,"Vehicle and Mobile Equipment Mechanics, Installers, and Repairers"
578,49-3000,2021,1570020.0,50400.0,29170.0,36870.0,47410.0,60550.0,76630.0,minor,"Vehicle and Mobile Equipment Mechanics, Installers, and Repairers"
579,49-3000,2022,1645580.0,52750.0,30240.0,37410.0,48630.0,62630.0,78320.0,minor,"Vehicle and Mobile Equipment Mechanics, Installers, and Repairers"
580,49-3000,2023,1708100.0,55760.0,32960.0,38910.0,50790.0,65560.0,81430.0,minor,"Vehicle and Mobile Equipment Mechanics, Installers, and Repairers"
581,49-3000,2024,1732480.0,58880.0,35280.0,42730.0,56220.0,72320.0,86250.0,minor,"Vehicle and Mobile Equipment Mechanics, Installers, and Repairers"
582,49-9000,2019,3031220.0,47480.0,26230.0,33400.0,44100.0,58790.0,75360.0,minor,"Other Installation, Maintenance, and Repair Occupations"
583,49-9000,2020,2932770.0,49650.0,27710.0,34950.0,46290.0,61330.0,78480.0,minor,"Other Installation, Maintenance, and Repair Occupations"
584,49-9000,2021,2978490.0,50730.0,29350.0,36960.0,47230.0,60610.0,77440.0,minor,"Other Installation, Maintenance, and Repair Occupations"
585,49-9000,2022,3122550.0,52970.0,30660.0,37610.0,48360.0,62830.0,80260.0,minor,"Other Installation, Maintenance, and Repair Occupations"
586,49-9000,2023,3196930.0,55620.0,33260.0,39410.0,50200.0,65120.0,82690.0,minor,"Other Installation, Maintenance, and Repair Occupations"
587,49-9000,2024,3231930.0,58660.0,35790.0,43780.0,54790.0,70260.0,86930.0,minor,"Other Installation, Maintenance, and Repair Occupations"
588,51-0000,2019,9158980.0,40140.0,23160.0,27860.0,36000.0,48270.0,63250.0,major,Production Occupations
589,51-0000,2020,8519410.0,41760.0,24650.0,29360.0,37440.0,49910.0,65330.0,major,Production Occupations
590,51-0000,2021,8408030.0,43070.0,27590.0,30040.0,37710.0,48310.0,62310.0,major,Production Occupations
591,51-0000,2022,8738980.0,45370.0,28980.0,33780.0,39910.0,51320.0,66430.0,major,Production Occupations
592,51-0000,2023,8770170.0,47620.0,30550.0,35980.0,43630.0,54880.0,70370.0,major,Production Occupations
593,51-0000,2024,8743450.0,50090.0,32640.0,37390.0,45960.0,58290.0,74920.0,major,Production Occupations
594,51-1000,2019,631100.0,65220.0,36740.0,47230.0,61310.0,78830.0,100200.0,minor,Supervisors of Production Workers
595,51-1000,2020,599900.0,66800.0,37990.0,48500.0,62850.0,80770.0,102510.0,minor,Supervisors of Production Workers
596,51-1000,2021,629420.0,67330.0,38070.0,48280.0,61790.0,78820.0,100550.0,minor,Supervisors of Production Workers
597,51-1000,2022,659930.0,69100.0,40180.0,49510.0,63510.0,80580.0,102070.0,minor,Supervisors of Production Workers
598,51-1000,2023,671160.0,71730.0,43540.0,52000.0,65930.0,82680.0,103780.0,minor,Supervisors of Production Workers
599,51-1000,2024,685140.0,74540.0,45790.0,56330.0,71190.0,86770.0,106960.0,minor,Supervisors of Production Workers
600,51-2000,2019,1856870.0,36310.0,23000.0,27110.0,33710.0,42560.0,54660.0,minor,Assemblers and Fabricators
601,51-2000,2020,1724470.0,37550.0,24230.0,28480.0,34970.0,43920.0,56030.0,minor,Assemblers and Fabricators
602,51-2000,2021,1769890.0,39000.0,27420.0,29910.0,37170.0,46460.0,58640.0,minor,Assemblers and Fabricators
603,51-2000,2022,1903910.0,41420.0,28980.0,32390.0,37930.0,47010.0,61050.0,minor,Assemblers and Fabricators
604,51-2000,2023,1924970.0,43470.0,30410.0,35470.0,39720.0,48350.0,61140.0,minor,Assemblers and Fabricators
605,51-2000,2024,1874550.0,45890.0,32270.0,36990.0,43570.0,50600.0,63490.0,minor,Assemblers and Fabricators
606,51-3000,2019,802290.0,31080.0,21110.0,24520.0,29320.0,36370.0,44660.0,minor,Food Processing Workers
607,51-3000,2020,777500.0,32640.0,22110.0,26220.0,30960.0,38030.0,46420.0,minor,Food Processing Workers
608,51-3000,2021,795640.0,33830.0,23280.0,28790.0,30480.0,37550.0,46690.0,minor,Food Processing Workers
609,51-3000,2022,807880.0,36300.0,26060.0,29840.0,35320.0,40320.0,48340.0,minor,Food Processing Workers
610,51-3000,2023,848630.0,38220.0,27920.0,31750.0,36850.0,43900.0,49500.0,minor,Food Processing Workers
611,51-3000,2024,857260.0,40090.0,29200.0,34240.0,38200.0,45780.0,51920.0,minor,Food Processing Workers
612,51-4000,2019,1825170.0,42050.0,26040.0,31580.0,39430.0,50240.0,62160.0,minor,Metal Workers and Plastic Workers
613,51-4000,2020,1691060.0,43540.0,27350.0,32840.0,40770.0,51740.0,64110.0,minor,Metal Workers and Plastic Workers
614,51-4000,2021,1633980.0,44840.0,29530.0,36100.0,42960.0,49610.0,61920.0,minor,Metal Workers and Plastic Workers
615,51-4000,2022,1644250.0,47020.0,31180.0,36750.0,45080.0,54640.0,65300.0,minor,Metal Workers and Plastic Workers
616,51-4000,2023,1605180.0,49350.0,34160.0,38340.0,46860.0,57750.0,68390.0,minor,Metal Workers and Plastic Workers
617,51-4000,2024,1599780.0,52050.0,35940.0,40360.0,48660.0,60310.0,73550.0,minor,Metal Workers and Plastic Workers
618,51-5100,2019,249300.0,38790.0,23710.0,28590.0,36610.0,47080.0,58270.0,minor,Printing Workers
619,51-5100,2020,230720.0,39890.0,25070.0,29720.0,37600.0,48160.0,59480.0,minor,Printing Workers
620,51-5100,2021,211930.0,40660.0,27400.0,30070.0,37710.0,47500.0,59710.0,minor,Printing Workers
621,51-5100,2022,214280.0,42280.0,28490.0,33120.0,38890.0,48510.0,59500.0,minor,Printing Workers
622,51-5100,2023,213920.0,44030.0,29750.0,35370.0,40870.0,49560.0,60970.0,minor,Printing Workers
623,51-5100,2024,204640.0,46260.0,31450.0,36950.0,44830.0,52510.0,62530.0,minor,Printing Workers
624,51-6000,2019,569260.0,28660.0,19290.0,22600.0,26370.0,32440.0,40200.0,minor,"Textile, Apparel, and Furnishings Workers"
625,51-6000,2020,491520.0,29920.0,20030.0,23560.0,28020.0,33660.0,41390.0,minor,"Textile, Apparel, and Furnishings Workers"
626,51-6000,2021,445950.0,31210.0,22190.0,24440.0,29420.0,36220.0,42590.0,minor,"Textile, Apparel, and Furnishings Workers"
627,51-6000,2022,468590.0,33170.0,22880.0,27510.0,31200.0,36860.0,44470.0,minor,"Textile, Apparel, and Furnishings Workers"
628,51-6000,2023,473970.0,35210.0,24970.0,29260.0,34110.0,38340.0,46310.0,minor,"Textile, Apparel, and Furnishings Workers"
629,51-6000,2024,464330.0,36970.0,27160.0,30680.0,35580.0,40270.0,47840.0,minor,"Textile, Apparel, and Furnishings Workers"
630,51-7000,2019,253080.0,34660.0,22310.0,26570.0,32760.0,40390.0,50400.0,minor,Woodworkers
631,51-7000,2020,240750.0,35850.0,23190.0,27710.0,33800.0,41470.0,51800.0,minor,Woodworkers
632,51-7000,2021,230400.0,37520.0,24440.0,29580.0,36680.0,45190.0,49000.0,minor,Woodworkers
633,51-7000,2022,231230.0,39750.0,28050.0,31610.0,37520.0,45960.0,53480.0,minor,Woodworkers
634,51-7000,2023,216330.0,42210.0,29700.0,35240.0,39350.0,47590.0,57400.0,minor,Woodworkers
635,51-7000,2024,207380.0,44520.0,31330.0,36820.0,43640.0,49180.0,59680.0,minor,Woodworkers
636,51-8000,2019,302270.0,63230.0,33820.0,44550.0,60330.0,80330.0,98580.0,minor,Plant and System Operators
637,51-8000,2020,297000.0,65490.0,34920.0,46030.0,62540.0,83340.0,102260.0,minor,Plant and System Operators
638,51-8000,2021,280900.0,66210.0,36750.0,47130.0,61350.0,80390.0,100920.0,minor,Plant and System Operators
639,51-8000,2022,276970.0,70400.0,37900.0,48570.0,64990.0,89050.0,106790.0,minor,Plant and System Operators
640,51-8000,2023,283480.0,72810.0,39540.0,49830.0,67100.0,94940.0,108830.0,minor,Plant and System Operators
641,51-8000,2024,287720.0,75480.0,42950.0,52290.0,70740.0,97400.0,112070.0,minor,Plant and System Operators
642,51-9000,2019,2669650.0,38770.0,23200.0,27800.0,35580.0,46800.0,60090.0,minor,Other Production Occupations
643,51-9000,2020,2466480.0,40510.0,24890.0,29430.0,37200.0,48620.0,62200.0,minor,Other Production Occupations
644,51-9000,2021,2409900.0,41820.0,27870.0,30070.0,37710.0,47800.0,60650.0,minor,Other Production Occupations
645,51-9000,2022,2531940.0,44260.0,29360.0,34200.0,39960.0,50230.0,62880.0,minor,Other Production Occupations
646,51-9000,2023,2532530.0,46710.0,31250.0,36250.0,43880.0,53310.0,65010.0,minor,Other Production Occupations
647,51-9000,2024,2562640.0,49030.0,33560.0,37630.0,45970.0,57110.0,69270.0,minor,Other Production Occupations
648,53-0000,2019,12532030.0,37920.0,21240.0,25220.0,32440.0,44610.0,60830.0,major,Transportation and Material Moving Occupations
649,53-0000,2020,12163360.0,39680.0,22490.0,27070.0,34080.0,46430.0,63050.0,major,Transportation and Material Moving Occupations
650,53-0000,2021,12639920.0,41340.0,23820.0,29520.0,36860.0,47590.0,61820.0,major,Transportation and Material Moving Occupations
651,53-0000,2022,13560460.0,43930.0,27110.0,31410.0,37940.0,48520.0,64100.0,major,Transportation and Material Moving Occupations
652,53-0000,2023,13752760.0,46690.0,29270.0,34520.0,40050.0,50880.0,67510.0,major,Transportation and Material Moving Occupations
653,53-0000,2024,13645620.0,48750.0,30390.0,35710.0,42740.0,53750.0,70620.0,major,Transportation and Material Moving Occupations
654,53-1000,2019,464890.0,57850.0,33580.0,41080.0,55040.0,70870.0,87220.0,minor,Supervisors of Transportation and Material Moving Workers
655,53-1000,2020,487450.0,58330.0,34240.0,41400.0,54840.0,70840.0,87450.0,minor,Supervisors of Transportation and Material Moving Workers
656,53-1000,2021,557850.0,58630.0,36870.0,42880.0,54830.0,70820.0,82240.0,minor,Supervisors of Transportation and Material Moving Workers
657,53-1000,2022,599710.0,60850.0,37350.0,45130.0,57810.0,72970.0,87890.0,minor,Supervisors of Transportation and Material Moving Workers
658,53-1000,2023,603350.0,63860.0,39510.0,47600.0,60500.0,75950.0,92110.0,minor,Supervisors of Transportation and Material Moving Workers
659,53-1000,2024,615680.0,65680.0,41250.0,48750.0,61900.0,77570.0,94860.0,minor,Supervisors of Transportation and Material Moving Workers
660,53-2000,2019,275960.0,104130.0,35630.0,54420.0,75760.0,127330.0,205334.03,minor,Air Transportation Workers
661,53-2000,2020,269710.0,111420.0,37530.0,56970.0,81100.0,136820.0,220918.72,minor,Air Transportation Workers
662,53-2000,2021,254820.0,119590.0,39450.0,60520.0,82170.0,158870.0,236866.11,minor,Air Transportation Workers
663,53-2000,2022,282820.0,131630.0,44210.0,62730.0,95010.0,166150.0,249701.45,minor,Air Transportation Workers
664,53-2000,2023,313070.0,140030.0,45190.0,65040.0,97320.0,175250.0,271301.71,minor,Air Transportation Workers
665,53-2000,2024,320280.0,155670.0,48410.0,63420.0,106500.0,199160.0,311135.46,minor,Air Transportation Workers
666,53-3000,2019,4174700.0,40710.0,21400.0,28250.0,38550.0,50360.0,63440.0,minor,Motor Vehicle Operators
667,53-3000,2020,3976410.0,42770.0,22760.0,30050.0,40600.0,52470.0,66390.0,minor,Motor Vehicle Operators
668,53-3000,2021,4147650.0,44330.0,23860.0,30640.0,42670.0,50700.0,63470.0,minor,Motor Vehicle Operators
669,53-3000,2022,4315740.0,47110.0,27040.0,35360.0,45460.0,57190.0,70570.0,minor,Motor Vehicle Operators
670,53-3000,2023,4353340.0,49830.0,29100.0,37340.0,47490.0,59920.0,74410.0,minor,Motor Vehicle Operators
671,53-3000,2024,4328760.0,51770.0,30820.0,38650.0,48660.0,61330.0,76200.0,minor,Motor Vehicle Operators
672,53-4000,2019,111090.0,67240.0,42950.0,53700.0,64890.0,81050.0,97790.0,minor,Rail Transportation Workers
673,53-4000,2020,114040.0,65360.0,40640.0,53050.0,64410.0,78560.0,90010.0,minor,Rail Transportation Workers
674,53-4000,2021,119120.0,68330.0,48120.0,61000.0,64170.0,81350.0,82670.0,minor,Rail Transportation Workers
675,53-4000,2022,105620.0,70040.0,47600.0,60920.0,68960.0,78770.0,89180.0,minor,Rail Transportation Workers
676,53-4000,2023,111600.0,72150.0,51550.0,62670.0,73890.0,80600.0,89880.0,minor,Rail Transportation Workers
677,53-4000,2024,101190.0,75090.0,51440.0,62720.0,75990.0,82460.0,98260.0,minor,Rail Transportation Workers
678,53-5000,2019,75180.0,71240.0,28670.0,39840.0,57330.0,82670.0,125940.0,minor,Water Transportation Workers
679,53-5000,2020,63020.0,73530.0,29460.0,41030.0,59250.0,86620.0,128420.0,minor,Water Transportation Workers
680,53-5000,2021,70480.0,80780.0,30490.0,42320.0,62760.0,99340.0,133620.0,minor,Water Transportation Workers
681,53-5000,2022,75200.0,82200.0,34770.0,45940.0,66100.0,101580.0,132340.0,minor,Water Transportation Workers
682,53-5000,2023,76040.0,79030.0,35880.0,47130.0,64930.0,99560.0,133910.0,minor,Water Transportation Workers
683,53-5000,2024,77710.0,80150.0,36960.0,48100.0,66490.0,101140.0,139270.0,minor,Water Transportation Workers
684,53-6000,2019,368840.0,33240.0,19530.0,22900.0,26770.0,35060.0,56180.0,minor,Other Transportation Workers
685,53-6000,2020,330830.0,34970.0,20740.0,24180.0,28770.0,36710.0,57990.0,minor,Other Transportation Workers
686,53-6000,2021,286680.0,35900.0,22670.0,26450.0,29940.0,37760.0,56240.0,minor,Other Transportation Workers
687,53-6000,2022,284810.0,37750.0,23920.0,28340.0,32680.0,38240.0,56470.0,minor,Other Transportation Workers
688,53-6000,2023,305390.0,40110.0,26540.0,29930.0,35020.0,41120.0,59250.0,minor,Other Transportation Workers
689,53-6000,2024,330140.0,40640.0,27790.0,31200.0,36060.0,42730.0,57410.0,minor,Other Transportation Workers
690,53-7000,2019,7061370.0,31790.0,20970.0,24210.0,29060.0,36870.0,47100.0,minor,Material Moving Workers
691,53-7000,2020,6921900.0,33290.0,22110.0,25960.0,30720.0,38330.0,48460.0,minor,Material Moving Workers
692,53-7000,2021,7203320.0,34900.0,23570.0,28880.0,31010.0,38080.0,47670.0,minor,Material Moving Workers
693,53-7000,2022,7896560.0,37270.0,26780.0,30410.0,35670.0,41640.0,49210.0,minor,Material Moving Workers
694,53-7000,2023,7989980.0,39620.0,29140.0,33200.0,37290.0,44710.0,51860.0,minor,Material Moving Workers
695,53-7000,2024,7871860.0,41100.0,30100.0,34720.0,38340.0,46150.0,55320.0,minor,Material Moving Workers
